1;mrhbznilal;ldubcmzrqk;28164254;03/03/2019;ppupepvcri@ibzibhahxiig.com;S
2;auglcptgnvxv;elywqugodkpfbli;26327546;02/06/2017;aanmlwgrahfdtcjy@nxlqnzmxtyd.com;S
3;iylaheizpi;rjkffxlfzhvnvakdm;26250644;13/07/2016;wnlawyrevijkxok@xqnpanjsyadc.com;S
4;agwcbvucqcrodqtcax;dfddnbpaod;289820&0;02/0&/2018;kqewfhmmoqdhq@oaqpgctimddf.com;S
5;kawetiukydclohswe;amffsvsthuytvj;&8082886;16/09/2018;xiwsagnwavejkeca@vuprkatqzqbcxdtndpk.com;S
6;vxsyvvbuhmqylqiidd;sszeekxlyabggbz;29975061;11/02/2017;vswijkxlgr@wwjzbqhfplbe.com;S
7;jkatbzxcqatly;vvwnbikhxmnwhzo;32568800;30/08/2016;izkyejcdyedxhd@pwipnvgryk.com;S
8;kdqoodngchhueacvw;oochewsgaln;&496748&;15/11/2016;fegyaftdwxzkmtri@vgxmcgosialnbc.com;S
9;anofcmbxpqcwnsrfyow;awuohdlxygehe;30067175;12/04/2018;wmkpfzabxhe@ixmnshuiwujbfw.com;S
10;kibyzntlot;yjlqntvndanrbxndb;29001769;20/07/2017;lagnbgpvxwfqir@wgsoxxgkcllhzcqtyiy.com;S
11;okyrcjfzlxwsfesfj;dstqakaibewbo;26251548;20/09/2017;qvhznuyytuhxiu@uayqhjhsujva.com;S
12;mlxqjiodxuszyiorfd;eikdoikkpryqatqtzfg;31683067;09/07/2018;mnhwvmdxkzgkbavnxsh@bijzvvfjzqqtjqi.com;S
13;mcjarxgzbncnabgi;exiuyeechrwvwtihwsi;38912750;01/07/2017;xprrsodfvr@jxpvvskpfwkraokkbmr.com;S
14;dxmuuepmhmitqwqlr;ckdzmkmrgewh;31445000;23/02/2017;syhadwdkigykzujstx@iwvaefomfiyokuadhc.com;S
15;qbkqnbtoroqk;ktdueowskxcsxua;27660851;19/09/2018;fizgxycamkvvg@owednowqcaquj.com;S
16;yyyuufgteypmpz;kpzowytxhpfrjvlvpre;&8648969;27/12/2018;acmobiaajetrnidfr@lspdpsxaskoljeywny.com;S
17;yujjjflkrnyuxaqwwqh;spyquxjttvwcka;25172153;04/05/2018;oxbcihpnutxgihdw@mwlraybdgngwosygmt.com;S
18;hdlfieutugthhxlov;evjjukfikqmetgko;34873055;29/09/2018;rnuqccgxofnndyty@avbzbmewzwfhqvkl.com;S
19;nizdupilleut;zttucrrvkgulpc;28871474;28/12/2018;khgwlxntupgqscj@ojmzmmoyxwb.com;S
20;tgxcnmunqpfy;lllhccmqzsagf;26448493;11/01/2019;onujhlzxrsie@oycdddgfhqazdhtkma.com;S
21;agoijijxbaobdzmdog;oiftxprblmwamxoedzw;&8&5559&;16/06/2018;knlymtfysxjuly@nsksmknzmpyayky.com;S
22;cgwyearwkxlvbrzzf;yuaqgqzhrbnxdjpzcai;25850553;28/05/2018;maskmsoqdvwtfkl@qdzepdozjwzrfmokod.com;S
23;gdgkhnxenvzxgj;kddczkfhdcoevs;22589117;0&/07/2017;seygieqkpcwrvqmn@yfnarsjnoflcrtenq.com;S
24;liihxpykpkwywkgzr;jstpdokjkoeholsdnab;32861618;11/10/2018;fprenpuuuehjpmi@kcezgtuerskji.com;S
25;wpltlqbyxdxrnnzpw;qubtggqjpughrmpfrs;37712360;06/12/2016;fabimwyxcdujid@dqotymdxzwhcdhrz.com;S
26;rmotcgwutzmuhwsb;hezrotfofgpkodbchr;28562&5&;06/06/2017;taglbeyxczain@pvvucasegqfrbsqeg.com;S
27;jjhzznkehtttzqigj;kzttnypbzefaqes;31602292;02/09/2016;mlafojdkgx@swvamwirlogsaojan.com;S
28;ubbidefksj;ihszrlqiuajgxcx;20608265;08/12/2018;bkjpcebrpboifjevxa@ryuqrcpadbbagevh.com;S
29;xqttrtwhnhjn;arfoptwbxtjspikuk;29&4&815;0&/06/2017;wvvrsnzprh@mijzvyoexe.com;S
30;wkkeagxfkndvebklj;zpltjpvmdrdncmd;&2848555;05/07/2016;hxyvihsody@szjckuzhfitjumyq.com;S
31;jdrusgswuz;xjgwtnrswu;26092599;20/03/2017;olddwwkqnnwxpwjpw@ogsjhqoyebcph.com;S
32;xzsxczvrjar;bzbilaczxskbootw;220894&8;01/10/2018;euxlldacbhckc@cwfvujhlxndfq.com;S
33;armnpdusilhtste;jmfodejgtes;31985068;18/11/2016;cdtcpacvmkaiteja@mhszgovikilcmbfkc.com;S
34;dbqtatnnluemltzrhy;wmncwvawjgxx;30376035;11/03/2018;mnkrvznnpvrbbyr@ykpvodcmkyytrrzmziy.com;S
35;akhmheopgsqo;lskvqztbhtbz;34247301;27/02/2017;waqgaeugwnepf@hnmbqmiwprrcjqnhiy.com;S
36;bovckwoqqnbrgrpauq;ctwjljoqgbarpdaluae;25305133;02/11/2018;gzkoimxnthmjjed@thdsvfaciivrfqvir.com;S
37;bunsdcpqumpvwchfvxh;hcfcygvezdstsg;35128300;12/08/2017;cbzfcrcfwb@vkdnwjwdjt.com;S
38;grmixtooteryyq;gaaizozuamcbaxd;27275781;15/05/2017;rlxpbpapbfiwwsc@phbngpeqbiqygyiq.com;S
39;tbldmvievf;qmntnrntdgyfwcb;22915853;29/11/2016;xuiwgttkezvqgdgvqda@oohyvmmycgbbywymfn.com;S
40;zhmkkvhvpwluupj;zfclyckbvzgke;&850812&;06/11/2018;ngjhtctwswfhazz@dhgdubxnsexk.com;S
41;frjfmdgurgiuomltr;grgbvzdylilheh;&2464169;15/05/2018;pxmyfydyrpt@hzxkkbsrktpotsdx.com;S
42;gmqgbbdcsuue;ecsphrgmkrttat;&6668267;02/0&/2019;jytcazwujutuxnfjkll@skpyzgjnddok.com;S
43;cuqegzrowjk;hjhyvxpwxrhtv;21819244;11/10/2017;rxhxxhhrcbfiq@kybzismvcddsdxjcz.com;S
44;wfrzzfhqpzykome;jgkxmzjwsw;35048373;18/12/2017;diidkwkmpmkwb@ohwhdigikjkcutbrkl.com;S
45;tzgikkjycwxyicrm;axpmnkuzat;30573058;04/07/2018;dfcbhuylkltmt@viunbloohxyiubq.com;S
46;mbqsxbjxhlvbvhvuuw;agxlffsnube;&9017271;10/07/2018;oniihhnfwgbamlkk@xzrnnwxcfgwnpkwnct.com;S
47;wbzqwxfurwol;uinlrddezyvps;33729005;24/05/2018;vhjhwuxtmj@mkqrhafgqrggqbaat.com;S
48;evhqdgtkfv;rakmlrxgga;26851685;&1/10/2017;xptzbfhgndyut@vopdhbuwhkatwwmyl.com;S
49;cvwrshxxjubgbb;tgzmnungynpzteogz;2858619&;18/07/2017;jnqqrjnswfeizogz@ksmetkceihuqouezqt.com;S
50;jinuiicilkcg;uunyfsnlcpp;36406970;08/11/2018;wfzgepoxhnafftp@ivftwknucewcxuohhn.com;S
51;kdqlcpnnzvzgkt;bqymwnnrsmis;25865527;06/06/2017;tqppnbckogs@ayvndadairio.com;S
52;bzkyigsfbgrijei;zyxzrqwwwwhan;27861758;01/12/2017;nvdjhripomnx@qafmvovowkzfpkvughy.com;S
53;gkoxmaabzv;xvyuuzyqnyofc;28175718;12/07/2018;fqotpwdjgmg@crjtolkopgqkbf.com;S
54;kgndpjwgdm;bxsfybiitbd;26959887;05/02/2019;ngyqhwejkuki@cseqtcfgoscfqykz.com;S
55;sdfrvttoqknxuapodmz;sjxpgutbokck;31348711;13/09/2018;ldqxqcfokzzvpvapvrf@tvbwlainwnmthutdnrb.com;S
56;bsioudplgzmp;gpwdrvlyhbkrukfornq;&8078086;06/06/2017;rqpuscutmglaeiupmd@mgypytnmxkplozjhex.com;S
57;dozvdntcmufkzzzog;ddinsdqokowc;33168585;01/09/2017;ornptlapbvqvlfcxatg@yrwyslxyoprww.com;S
58;rxeixkxvkkkgqx;nlxuhzqznv;25476570;23/08/2017;vmyfiyqehoghxn@sqnvfiraymcktulh.com;S
59;leiubrgnlmroqojtsa;zefgdithhljmpx;39983006;19/05/2017;bifmtvncakvuanrpiz@fnjqwcaxqhtewznxpd.com;S
60;sghtmgsgxljht;iqngpvotjidyx;20811512;07/02/2017;bxsrtytgsoxi@vqdwnwkzeiv.com;S
61;vlbanoqzsgjvkce;sfbwydozchnvfskuhc;29436558;03/08/2016;wnndjczhxkyvxuumi@hghjeasytuwicc.com;S
62;albdivxjwwguett;sujxyrjokcqrlymhnx;26829228;03/05/2017;xqoasjbhshlkqsdyq@wusxtidrusdn.com;S
63;vsoqrrvcoaky;luftpatiwnystarijx;25826526;23/08/2016;ghhtxmsaldlvbw@xxwyivajsntjdhn.com;S
64;tynszmiyzeuvxm;klhnahltunbld;23089371;05/04/2018;rayuvzjeceyuiyub@ayevtytodj.com;S
65;snzglaqreqaszxchig;kjignmhnvztvvgjd;&&415895;2&/11/2018;bcyqkhghpu@ijgomobfxr.com;S
66;mgpwmsguwrbfdnrof;esjsnsbuynkknysf;21398778;18/02/2019;iztoiegrlldlhbjgp@hktsvpkzrtl.com;S
67;xkmxjmwoatowvzex;btptonotktmwyuxjb;36237693;16/09/2016;ahjcflikmeeur@lnyfsswldhwwtqgfbrh.com;S
68;oyvfafmsnhbtshg;pxxsvrxuiv;33815347;11/05/2017;vshudlhmbhtwt@dvxdzhkpaljwrzb.com;S
69;epyvjpxnunekqwqvned;jzrfttjkwy;33029356;13/07/2016;enzbgkcmscbq@onnkpkrgkp.com;S
70;ocibuuijxyluqfvjnsq;ytnfityilomblnwheo;241&6720;26/02/2017;oemlgnbrnhdqg@vvcgxtgedvakxj.com;S
71;neqjzcsqyymzzoa;mvipwtiohutn;31293740;13/03/2019;pnnxoujwqkembb@epglqjdxzesobrlara.com;S
72;phknwvxtqmnmynf;jvsaqgbyaqzhrx;20445159;10/02/2017;bhxupccwrkcg@bwlwmuelwkilruyqkbx.com;S
73;rbaywubpzgzemhwa;cwlknptwfawtancx;&5940940;07/12/2017;zumfoblgyvkske@eyyirrpegl.com;S
74;skgdekjypcij;wrkwrdevjps;30087123;02/01/2018;tzapnpfyqwqcquxl@pqtifhgjffxdjkxwjrx.com;S
75;sjyeqmkabvvkehlahh;lnpnjrmzmyovhfuzmry;30590761;09/07/2018;zsdvcwovaxmemvxjxzq@fkqznzggklx.com;S
76;vwunsoqixkapytz;fhybuoqwyeu;34120834;31/01/2019;quabzrmznqxjotqlmte@vzgxfbkzzrd.com;S
77;zdrmmecmlng;btmkstfgenvcts;39038404;18/10/2017;gideabkwvrm@fbywusdrkq.com;S
78;tktakzvuwde;fhlnlzpfnoxoxn;22482908;27/09/2017;bmjkqkpsgjpkrfkh@vrpjixkqtszd.com;S
79;axygmbeunsvtzz;ozkkiulyzehlylbz;29068883;06/02/2019;eioqwlxzmyqjjdiicr@opipbnmhzq.com;S
80;hborgmliczkjmmjmwss;hrlyvogmmkikfaspn;2258&510;0&/12/2018;sexlsojvmmdbyer@midqbzskbkhl.com;S
81;hmczussjnoop;rkuuboyhhyhs;25205414;27/08/2017;gfdvxynzaj@bwxvxycyrcsyywm.com;S
82;hqnyooezmnjkjsyoxu;vsdyivwsjufvgpu;37991331;02/04/2018;gqwfsgeocovfbpwgxjb@vsbgqedrdhg.com;S
83;qpepushatbucwmazqu;qiwqxcqfxdlfsijrq;24586526;03/02/2019;ddktlnnpatl@bwzoibfjdl.com;S
84;gppsyuhgknyuhy;jtpsjrobyfpns;25606084;29/01/2019;akfbkoboreja@whvapbbkulp.com;S
85;xutxgauqjrihjq;vhiqlxrwpzszfcp;23383681;25/07/2017;oheaykrshjjnvy@kcuezdcutokkm.com;S
86;bjhzplcygqc;amonhrlqmklnne;35553447;21/10/2017;ychnkmmmuwnzcs@yobuvgikfjxo.com;S
87;pdwinfvbadoihkz;tirfjllgqb;&6727422;02/05/2018;okxscxwvlqw@rjtuiouvdgnp.com;S
88;rawizcyesbyqxwmw;pvuhcblvqdp;39274014;31/08/2017;ceycuzdqvflylymhn@fobwprdrqbvvkrynzbz.com;S
89;mspfewfrdknus;sriyxhwdifh;&74924&4;08/12/2017;ucvtrdlsogiroekovb@ogjefpaqbjpitmgiblf.com;S
90;xbllieyrgdempemnh;ccnfoqvpsgmetvxfo;28045114;13/02/2019;efnmzogtfde@ujnuwvvvpedmdi.com;S
91;zgxqlbnwniph;lynmqdimczwtqmakkp;39062931;30/01/2017;eaieuhvgoosuvecdwr@kbiyoahokaz.com;S
92;wbxnhtyaizmmvrdfj;yeaeftakpcsnes;35571452;30/03/2018;xawbbbctdxdyctlp@idbhmsajkfagzxepbyt.com;S
93;qydxugbfmmtzeum;ztfhmmsepxkoyqhl;28431974;30/09/2017;isygxplqgwugpxz@qsonkpmdnkfalq.com;S
94;vutmwlxcykwhu;boxwcuplpemzkuxmf;28705030;29/07/2016;hjgnljzarrkwdmx@molqsgenal.com;S
95;lwmwmmyqaqlzygwb;upuyajcbaboybtdiq;24674569;18/01/2018;migtiwdonoksfzhqyf@zsbqmgrmkifi.com;S
96;nwnqhdkopw;ghtrryvnnvjzpdckxlf;22594691;17/08/2016;lugwhjyyozc@rodkgaxonhovda.com;S
97;krvoplearvnbfzsuyd;ynyuogcqxyrz;&1&45744;1&/02/2018;pccqhoogcgc@wcyhttvevdcw.com;S
98;vcmzwfzxhoshlcukv;ajadjoennskfmh;20395898;08/04/2018;ytqvpyycbutmw@vcbexiyllsrq.com;S
99;dmuizqhgwk;iaatoeqzvyyagq;26425045;19/10/2018;adcurmmdyhreiung@mhcgugaprxdxjwied.com;S
100;eaynvetrmxxjuwen;ypwssttpnhmo;26050051;01/07/2016;blesmuzkato@bgimejpnfkgm.com;S
101;cpzxlvwtogois;bfagojsgqobmtvg;26788726;07/10/2016;ajqrlksovzqgrsa@rtoxjmonmgduol.com;S
102;meukcallbuylsorms;fbztixukbxkpjqiqjg;&7896280;&1/10/2017;kytzerxgaopvdprs@vfnyjeqbscmetkuoc.com;S
103;qerjmlnmhmhy;vmovsmgpjkorrhm;26216249;30/01/2018;fsroshnujr@niibcyfpdihppklk.com;S
104;mquyxllkaqzxneroem;mvvtfwavgpoldh;26607282;20/10/2016;sxeyuccicdogov@pyzeorwewvrazu.com;S
105;dngjfqlqwesaruo;nxowlvihrpecr;23793076;12/03/2019;yjvuffplklvnauzbtpz@bamxcxudodzva.com;S
106;daxozpxzzf;ecsnbimwmyiuwv;&81&5759;1&/08/2016;hinnvfxjokfzymz@pcuqoiqiflwyoxmewuy.com;S
107;pahnlqnfdhe;objwvrzmjbtsphqnhse;208&5500;26/02/2017;dvlqqooabpticav@dkrcbpirlwl.com;S
108;snbbujzwajtlgir;neuzdwesiuxo;&2545460;24/04/2018;takyegvdxqdgtvy@txgysxweqlwqgmobmra.com;S
109;ihzsmzhvjsenwgzi;ugzvvqownx;30978514;09/10/2018;emmotrxawzve@dywcuvkakkhcfmb.com;S
110;dbtbvphqdaxbqnah;ljauglrzpmzlserm;21942584;02/08/2016;ononnektqieskprue@ymtayjurdad.com;S
111;njygkgfklbnsiyxvuip;prniocmcfvvz;28808009;18/10/2016;bdwukbmtrcjmw@knsqnyqrvh.com;S
112;hqiogtaehkdhm;jwmalcbnbwvfguriz;&894&046;25/10/2016;wavkfcbglaiob@vonzvkqmcjqgzxhy.com;S
113;qlkshevzxf;ojypvtmyseduueupu;27973149;16/01/2018;hrmhuzfztbyonxfxfel@yzhaiiuakd.com;S
114;hsjbfwplxdgwouyvv;inkxyapqhgfuwinhoth;31665422;12/09/2018;vkxogiljudxu@qlzmubtjtnie.com;S
115;znbzhlaqwfuvff;mehykxmbanbhdjo;30372272;19/01/2017;cggyzdxybyhq@tfvqobojqmlybnbopx.com;S
116;cflnxqqzmp;vibxcjoudqepojn;28130380;27/11/2017;mkngubbixb@dmzuafnjqkrpkgb.com;S
117;leeughnxahjfweog;sjgyzieflthjyq;&27969&0;25/02/2017;yitayectaou@kaorbcbrpqfllkfo.com;S
118;miblmzaznnzdiss;mufazyflfgtybauibby;&7701222;19/06/2017;ynbahgeeubonnbejh@vjqcpwditqyvl.com;S
119;aefhejytoxhh;xeqhzgbyaxkmneyc;39957911;18/12/2018;ksuzcjuvqrz@tuyrgbrvpdaqrhmlarr.com;S
120;hjcrovjbblskkr;umzkmgnblciknnbbcj;&040&14&;27/09/2016;hepmuphfbxlwxc@egtjmmmwbwaathtzf.com;S
121;vaajmgfvwnbizac;kgeqazhvjlfyevbymb;&7754187;21/01/2017;mopvjtkdhjezdoklu@xavctyguvn.com;S
122;agrudltpenyznqw;amvffhunchzqllvjts;&4720824;10/10/2018;tiexrwqvvzqzoup@hsspxvebwisw.com;S
123;nhvopcgufjvk;tlfclqrunmuycdp;31872546;28/11/2018;sfesvhmybykwnkumghz@ypalxtiylxlg.com;S
124;kjfgcwyzfeiue;lxathnaqyngpkooy;24938719;29/08/2017;mwcxhheyrqvtkl@bxoqulcmxn.com;S
125;aslvgqlewbqcuq;daypijrrdqtiifvbfeo;&0824226;19/0&/2017;xigcpaxefgz@oeplsblfreqksvm.com;S
126;ewtjzitedebbhon;gwwpybqphirffturh;33358815;24/03/2017;meizffawpnylsydtuo@szozparfji.com;S
127;pcwkhkdckgvbjl;lxcwlactffpntqoxj;21927735;26/10/2016;ddhygaghkzpagqu@unrbelhzql.com;S
128;zypgbsopkqigegwi;gmpoqdnxyyv;22539163;16/01/2019;lnybxyfoldmtnkhdvd@peunzstwhyiyv.com;S
129;hljfznxdozezlhzptr;lvcgcnxuqbi;21877344;10/01/2019;pyqgrxyzriljpcjbcbk@tqtajyhsoxtxbdqqbuc.com;S
130;caltieedqkzljwrct;lnhemeogtyjdlx;&9719074;11/09/2017;ulkdkuosmvp@qtsfdqncqcizs.com;S
131;qxydvryrntzem;ijitrvpnpqhojdoux;30659349;18/01/2019;ixxiyqdqkwxgta@fyknwbpdjgt.com;S
132;alaznokniwnt;ijvaxfwfigbpquzp;&575474&;09/12/2016;dcakjgoxemlz@jnqrgdafeeloqlvea.com;S
133;qtoccrxvtwkgfiq;ltafeqykhkjgqwcyr;&2090621;08/02/2017;vcstquqvdvsyirfjuiz@xundbkndmsaiyma.com;S
134;asmtpewckxpuxrritjw;smymharohamfmauftu;&247499&;01/07/2016;oghsohfileyoerp@lphshtrcdusg.com;S
135;wydsnphipuhepvxh;czacagzukabypjtgnjn;&0967717;04/02/2018;ckbibyaayopukpsjt@qfqzhoruelkf.com;S
136;aptxemksaprz;ceyyfogzwsmjqxoan;&51748&6;05/02/2019;jlhgvwpwxz@iarjgmyppwtkijivj.com;S
137;hgcrwfshzfuf;dsvtycdkqsevowlly;2174212&;05/10/2018;vhcguxcdffyuioegx@ammclzfymglcdjexxlc.com;S
138;ljidlwhgbip;cdjnbcvphsxetalkjvh;29307910;09/12/2018;knzkswvzqzxdujtuyy@bqpfscthfueovemj.com;S
139;fknpssqlopkw;pobgpzkqkgj;37128919;02/02/2018;rfuegwxnbbqzfihup@hxjczrtytvzanaglael.com;S
140;vdhpoftzpowklw;mfbyyimshm;36485119;17/03/2018;hcdgmleuxvwyox@bpqqfofwegixadcj.com;S
141;soqszrvrtqogyxvbgye;wnvnmpgxwfjtbnaoah;34994125;31/05/2017;hvevkmoxjqq@vyyvqmghsumjxlntdzc.com;S
142;nbtzwcycupywxc;phnqdpilxhzo;29779&97;18/07/2018;enjejhbmuooptxg@rtxtchmshhdu.com;S
143;cqcpdwwrsxv;ejpnojrfeqnfehrciul;27070942;21/11/2016;sfcxtnguyhqnuo@eylguhwgkkqxi.com;S
144;hmqxomgqrbjb;jrmkuchaso;32106108;10/10/2016;ckscirrcbjjos@gzdphcxtfqjfjdo.com;S
145;fbzktczsditmxpf;xuunnnlaxadxgjgx;2602&602;18/10/2016;ixsukdqjjgkcna@dfjracgacjjzlzfnzfd.com;S
146;gfvndqeejahaedzjo;fqpebeajofioplqxy;&85&1189;29/01/2018;yvhylteitnqqekaky@ziuaiomoti.com;S
147;gcetropmddet;fxrgcebaowhwxcze;20348813;16/07/2016;fdsmzmzeowclvkp@rjsvxitebjkyw.com;S
148;avsvvhiuqeohjxvrepp;agrttgbgrrgjvsfyked;30372534;14/01/2019;gcjwaollgonnrzznjti@mcpodkemvesnsztqekf.com;S
149;xzteizjxxnsrprrxatk;ercycgvkhyefem;2519&7&1;02/11/2017;frifekluozpco@cryomnjhtwrmeeq.com;S
150;jaizbgizgywaukxyytf;abuavvosxtnn;2817&120;25/04/2017;jcqzbgxjeqqfjhqwubm@twyvyclfcoozupx.com;S
151;rqsdgdiqlwzmjps;obaugvegsrgcbg;24929672;25/09/2016;najtuaobclhvqgnbbm@kxodyyljuvfusx.com;S
152;cehhuztyjon;ymnlmkueaefhogeew;&4&40&&6;07/10/2017;vcmacyznparsizjctg@tgvqlauqmgsrif.com;S
153;uslqfllzevjwrfrokxa;qiimlvejhmlkavunes;&9186496;04/0&/2019;gmsotdjjyupu@chprddmwabgcvudje.com;S
154;rnvrnhehmikdxvkwxln;bqdwgcokqxujmj;2981816&;17/08/2016;zrcmtehjsr@fzvzbffxgrjnlagha.com;S
155;oipfubxqcgqpb;tjpqspxynpiy;&2054014;20/09/2017;hjogeyalzppcvoyqnrq@ykqeyeylaox.com;S
156;prsnjpytwsrebb;hmfwfreqwtre;33246578;07/07/2017;kwghdukajbbuyu@jscqxxpsnaojoivb.com;S
157;hycwxatcjuocicf;cotyrhwpdmo;36910328;23/05/2017;sudpromdjmqhcywb@lrflgxzfpetasvqy.com;S
158;vonfdjloglhgi;vmmuiddzgwtnemeezi;&1426589;05/01/2018;verdyvfwnwnyfufb@nhqophmosmqdmspdhor.com;S
159;hvoccriwppsxqjmtn;qgzfcjveme;24985859;14/09/2016;ugjvhcjkaqxquabnyy@epyfvhqjkaa.com;S
160;eocwzedhnrioccdb;ksluixcjkwxsvpp;38209696;31/01/2019;wpjogetxxcgkgnnvjmz@bjcsxbocxbtxayzbk.com;S
161;aedwolczazedciyp;wdndhnnjqis;39281511;27/12/2018;msoxdqoedxmbx@ieanjcbuptpe.com;S
162;bmprxirvmlbujdfyxa;lptomuxgeoiyg;34501575;22/04/2018;gezuefkczjbttx@vvfmybraes.com;S
163;hmgxzmcwqocn;bzderaqrpvgiczwf;27444366;26/10/2017;jgwcbzltalor@goweodgiqgk.com;S
164;yjrqmrwpon;hahzmsatskf;30188234;04/12/2017;imdyappngekjhows@lohxwosowvvyzjtmem.com;S
165;jrsakcgsyia;oxuthejqqsjjnlhiar;28720315;21/10/2017;xcrsigjemisje@ewxcndwfdhofstp.com;S
166;gcxgxlwyclknui;gagtionysswqtjots;22400567;20/11/2018;kpnaaylipo@xnylfwgwtnavtkklid.com;S
167;jwdptdqhkknirpm;vhsdpcupov;24637972;13/05/2018;phbuzsffpnndkfbset@ckbtjkubrmjbkomfhan.com;S
168;yornmzcpci;ahyyqpsrbk;33365263;30/06/2018;cjqnrnfgprylrpoxu@rxtwecajjsrpvz.com;S
169;bkkrvccbmsbjvzqkg;swsapqodcpiyyqhfxpr;24996320;30/01/2018;iojmfewafob@cjapuzjnlqjzhx.com;S
170;ldyppjodxebdlvvdls;couwyvammxrsrn;211942&7;22/12/2018;ggazemluqnhttwtly@zuktspgiikqptzedoaz.com;S
171;wggahfvmrlacutjq;xjhekqpsseds;20440750;28/09/2016;ufqjdxzynrz@lrrayndbqunzantbyzj.com;S
172;wqyvugkwzebbn;mxdbyetegtuc;21555597;01/02/2019;ypaoojxyugyuxnki@iiszwddwzjb.com;S
173;dbvlzwbnysnjbytgcbi;hhpmpwgzwvvhyzpezxj;39405961;04/12/2016;luuoxrekbwakyblqt@kaevjnyfyx.com;S
174;nzhtivldfyy;izmoxunvkpxkvqk;&6110719;01/10/2017;kmofthjksevwxwyyn@wkowmzwmsbdcp.com;S
175;okmpsotlvhnrrds;ueyhgnjhyzfeqigmpy;20050152;28/04/2017;mhupixidgejxq@xearpvvgyaqf.com;S
176;mredrxpesksvcnljop;ylsprdkplraokoamcgu;27145854;17/06/2017;efadqydhidoujdlj@jbaatqtmuwz.com;S
177;jucgkxjhdpvedfiexcv;zzzpmgwdymjjfo;&0282422;16/04/2018;gjjkpmkmyqgzomyn@phemtckpnplidfwbk.com;S
178;wifrcrzzydye;ztczgivszpueotj;22664850;30/04/2018;wmunivgmvdsdsm@iudfsoyayhxhq.com;S
179;ngjvmbyegkwburrjt;mhxixwkwiyfv;34508140;05/09/2016;mkbcqdlggnrameejd@bktkyxymsbqjcceug.com;S
180;pnetiqmtams;rqgkodczsfzfdlek;32048419;18/08/2017;lqukpdptbvrceywfdxu@boavuipezvu.com;S
181;adahjiftdtpjbj;mqihayhswduj;&0659064;21/08/2017;tfrobwuawfdnhelcfph@awoogqxzyszk.com;S
182;hnvjnuyzli;pxyojtgifub;36450244;20/02/2019;gjubwlejse@amwgojfsbveigy.com;S
183;dfyujmsuzjwa;fkmezhshauz;24029&&6;27/07/2018;chvyfkloajyrcedt@jurosknxtjjkcxssta.com;S
184;qbxgansrwd;scxuqtjyqqj;27271789;04/02/2018;mwoeprwgessheo@xfwswwpwult.com;S
185;yksgftmecva;vjhaqqlbrnlit;34193295;26/03/2019;avabcfxlscfcwcuddxn@awjkafuqkhj.com;S
186;adynwzkhhxstw;txskmgssoqmeoqoi;&599852&;&1/08/2017;biplrvoryiqhfcprbzp@xqlvhsprmdkc.com;S
187;vzcnywofdjyshhkftq;dzaoudmnypi;&585809&;15/08/2018;sztcnkyrjxxgwryzdsv@hdxcddtdrmmrbnijit.com;S
188;alluwdfvgitajpnbwje;qvueqiqgkrfupzme;33785301;08/10/2016;hkxfrubgveqhxiffux@tkqmdlbfjopfw.com;S
189;mhdrntibkuhj;mawvrdojkukyghfcr;39237432;17/11/2016;nlpqrsjnloc@erqrfcrttwuenak.com;S
190;culoxqgzfhdstjtk;ukfsabrhpkfqxpnjalk;22106&&7;17/01/2019;wawsjkpcsmrya@txbqdgwkfitatftq.com;S
191;dwmgyxgugwhcmtvbyp;czsmhojljm;208709&0;29/12/2017;gncmemzvoq@shmsctnbfd.com;S
192;qazdtycpfyx;xfoijtnajenbqde;28782885;13/12/2017;xzagjdwykseawnym@fzsmmsurlnmrt.com;S
193;wfrprvxvctr;pajuevhjdqqlmt;23017922;03/03/2017;qcgdwriktrdwfcmwl@kwqzybcniakpixpmxxy.com;S
194;jugseyjulr;dovqthwntvgs;294&9911;06/01/2018;jfzcxljslgspz@dvupgiviafcgg.com;S
195;wyzftmfcjal;zxprpmhzqrnmffjfn;35450522;30/01/2018;xzbquevsmgtbodqwb@zpgzovujhatpwdtkwn.com;S
196;nopsarnoarf;zvswyxbcfnt;34979876;08/06/2017;lldojzoafj@imodbyyupph.com;S
197;udjhhbjdbxcl;qubnybobsnmhbar;28314257;10/02/2019;plvxuqtgflgs@sghyuoymizalengmxdk.com;S
198;dcodxpsrbgjhihd;npjetmayvuf;25456910;01/02/2018;wwjcwxcgpzypeabqxnf@uwpdbvvqzynfajpb.com;S
199;xltejgdatk;xeqrgvtwxva;&52&1&22;11/06/2018;damipvczlwrqfqrnkl@agploxdrywgr.com;S
200;artdkcrqxmfklnnrj;cjlaybiswuua;29620107;05/09/2017;vkasjfaduhlrroejrs@norhbfvdjjnuwds.com;S
201;hlnpmgsvykbibtltrgr;qcmpjtmaxb;30189699;02/05/2018;ktphrbyqsqm@wqpemlaktegwgcrx.com;S
202;iygwbeostbrbwl;rczngtorodpgskdgvcw;39926452;02/06/2017;ndxdqexzuapdfhgvf@vlmchsnzyalxniq.com;S
203;xchoxakjndjibpn;uzdfmhqvpanmfb;22728498;14/04/2018;xoxkbnddtxwjnesirin@pnadqpwhkepagbfxaa.com;S
204;wxxeufydbxl;hobdsvvsypmbiy;35563727;17/11/2018;zslrjyahbgkb@nzzemxambluznovv.com;S
205;xpsydysmko;jedvabsdhozuvynzw;26458505;27/03/2019;oxaltcekdobd@nodsiahocls.com;S
206;fcrojhvbgcuvpyw;zmsovorjus;25650180;26/02/2017;qzjgcsmmiprqyn@pmpzisdooqtvrpc.com;S
207;dogaumlxup;ykdcrqnatlgemcxwf;32936958;02/07/2018;nhnfsejiwggak@zrbginchuwtbqwbmh.com;S
208;pxdadssejxrwmxs;fadiowklremsgb;34713472;07/02/2017;vqgdaobbqk@qqekljzgxac.com;S
209;umjbbnhfofyjebeg;phoyebpmrpscksxhl;&5022261;04/05/2017;kbebppklrhrqwcshe@qazfbhlubibdrclh.com;S
210;qvtnicmfhgdzlfqhka;chhxmitivnlshrjulj;27541133;02/12/2017;kxinvxkxxiptwg@iqkvdgwiepphcajksm.com;S
211;xxvksahbgm;hlxelloanb;22263237;23/03/2018;knpibfogyyp@cffqsqgkqrlmuo.com;S
212;unsivrhqwrlq;bllqgtysysmjrsuprfu;2521&&11;02/0&/2017;fidlkgoohsnayfb@jrvlsdbautmmbd.com;S
213;glwxmrqxovvuwmzeehd;tgbglqbuawqllscijj;2571044&;12/07/2018;jpedigalrbfhwba@ndeatrkgxjorkdmij.com;S
214;yufxpxyumbsbwjwk;helgxzbslokz;34828851;21/02/2017;vpwttmkkukecwnl@srhzjoiybqexrd.com;S
215;hjbxkkeyugoryuo;rwygkrvzjvv;32010822;20/08/2018;qcornpcrzbdrurxw@nfwlotfoyb.com;S
216;xuawjilogoiehirkn;irkdqwzhqepz;21684179;13/11/2018;qqkasmhcum@fsifodslamacbnn.com;S
217;ijhchcitulqld;glbjtmohdelywqr;34258512;26/11/2017;yppeylgjeszuvbbq@unggwdlobd.com;S
218;mllezdmjmv;yqlzuqysmsypsn;35755559;08/12/2018;desedsmukfzrne@wvrcuxjfiqanx.com;S
219;inodwzyrjhkubupaeq;uvoupwuyuxjcw;28108&8&;08/07/2016;btwamahedqzcuff@natmpfgoepmvdzwn.com;S
220;rxmlnybidit;qavildwqhflmhrfy;20506318;13/01/2017;hyxauemqeyvovv@xrrurbhujo.com;S
221;epxvgyurqwgvxctjic;gxwutmaajv;26338748;10/09/2016;jdxrcwhngrm@ysrbkiizvsulgcmkc.com;S
222;orzsezdtcu;pyyuzmiscaydpwkkjfe;26808660;06/12/2018;gdxniprsaagw@niieifhlcrwdrqlg.com;S
223;csncgoczrawtl;egvdfqmgfcm;26804615;05/08/2018;kjacwonkkrwr@miufhobersiriu.com;S
224;yqqxvthqvkxfqdmgpjq;rudkqrhgnueemlvpib;35643820;03/09/2016;eysuicoulvyldiu@qzshpjxftna.com;S
225;intgqnmpgwnr;ttibzwughltjjvuwryf;2512198&;26/09/2018;bgmvaypmgvhwxd@gliebipttscmje.com;S
226;cjofekhbdyuuxembu;acejldtvtrgjyxcf;28778981;16/09/2017;gbwrvwocma@fbuheswxzv.com;S
227;roetoyidxqhxyobjphh;fjbfzgwckr;&2595&55;04/09/2016;fnotdeayydgblb@vgjzzgilnyesepess.com;S
228;hqwdviqxzqsxjl;oxdxqzwdcyjv;30748639;12/06/2018;jexxarcfirkvx@rccwtgidpsposcmqvp.com;S
229;qxujlgwtpmdbjwchnin;lsotvkzuajpgytoy;31116530;20/12/2016;pctjygvvnsb@rlqlxbgkavujyf.com;S
230;avleeqvajvfih;qetjfpazziid;&262&148;2&/12/2018;pqqmnedguxmpqxfszcc@idwwdiaqkegelslwwh.com;S
231;bvuvuqwzpmgaadka;hdajenepekza;22068371;22/03/2019;swdqxtfwscrmiv@dtlfgijyqpznehgyfj.com;S
232;rebulmkjwmxl;empcrlqpkmwbub;35515272;26/10/2018;mpuxzaeahvnljrex@jznilgbvshteabhpqfn.com;S
233;gcvvvhfhhccyohn;fuepumrdvviukafn;26312099;07/11/2018;jhcjwyewyaxsw@vrcoaopmwowx.com;S
234;usaaknltwcyhxjwo;hfshpjhhzscspy;22245117;15/04/2017;korhfkgsyngxwcni@guliulscow.com;S
235;vdchwsydurkzbb;rvcmhknsxxdwu;&2949948;28/02/2018;nfzpdjiimn@qoxfmupxqnpzyvazk.com;S
236;volacddjbwxw;cjpkvstaetvotfhpza;33307694;28/12/2018;tkpuxcudtrtocwh@kqackfwbdw.com;S
237;pjfbkblmwjzpnlanaz;hukyizoeezusfgucilj;35407075;24/02/2019;ncygehrdwpfzclnmdnp@pvuljtztpccdqoi.com;S
238;agtzwguxxaxabmyl;dqlyvkeypb;26581649;30/03/2017;gzdfdmeoxcrdwaxfgz@uqdehcsxaepduysyrhr.com;S
239;gdcealrqluirkkkqgk;izdiwvznjl;&9&99708;11/08/2018;lszviltcidwhjxhym@qrpjjawjkfiihge.com;S
240;ohtctwzbhxcnye;eeluahqblfwk;39444612;26/08/2016;xgfsjfkkmfd@yiyzjwgyohctbgyyf.com;S
241;aerakgyfxu;vylevkajmuasevnfrje;39053691;07/03/2018;cjtpkhctovk@cxmlffrccavzj.com;S
242;djqbvuuzrqmtdpipu;pfwqjcgsry;24559015;12/01/2018;ktutuoquwpqglm@afktactblwavlr.com;S
243;qqdewuracetpdavo;uexmpsnnfyax;25574188;1&/11/2017;ppnuzhqnohzmxeefc@lqptlufwxp.com;S
244;lkzfeutvylfpcina;vaxwapkrlacs;&55&8904;15/12/2016;uucyuvcjdgcykajqmq@fruqovqhjnv.com;S
245;mpkgtldbjzegg;yfqytizxsolxnxavo;37814973;10/04/2017;thftiuhxvjuzcumew@qvhsxvqayatywjorivv.com;S
246;rfzlhkwzyepwjcqt;ipsoydlovhcbg;34840040;29/12/2017;ddayqmrkeljtgdo@jreveqeuplcu.com;S
247;ceofpfbjblyryq;isfewrashyehibr;22962931;02/07/2016;eyyxqhuscb@dfmwsigbapjrssu.com;S
248;vdplnagzzulpcvzcou;ygamliffwdhd;37850816;04/03/2017;rpmzjyavxlhog@lwmyxawvupxdk.com;S
249;bwvgxozkoqaiah;sqfnjraydlpzfgfe;33084156;26/03/2019;xirtfspxrlixybtwma@cxzjxjifbbwhzuux.com;S
250;acdloimlrwzms;qxhrndlvkhhvamvym;23644117;23/01/2019;wxzxmcejzjrnpgg@aecmohjytd.com;S
251;pxdxmhvpxqpm;jkauejbdlfx;22932517;04/12/2018;mggojduhus@mgxtujaxuvpao.com;S
252;etsqczdnotqkhnw;wmyuznwaylfkt;21800444;02/12/2018;hanrlaypamdnri@fbjnrllksiz.com;S
253;cgrywfnuniusqbtsb;yivjbglaneifalv;25144000;27/04/2017;buksyhoxnxbdwfm@xzukzvfqseczt.com;S
254;rnhofsgjqoppyauhatc;qngmcvxmrtnpodvxm;38609542;14/03/2019;riypmwkpannuyxyji@cyrxfyvvkbztlnovpc.com;S
255;ozlbuustbsk;dbnettczjxzjpayf;&&&5&977;10/01/2017;qambdwqmjvnuep@jtlgrffwlaegbxd.com;S
256;dpkphvhyrvvudwteyo;ebjlmjmpusc;25186946;&0/12/2017;prhnyceoluni@jnhwyvjadyojifsumq.com;S
257;ljlkkcxmcpenzfnuc;nupmzezeipgiqay;27241442;26/02/2019;ajumwapvnmdy@fxmckdavvyrbkcklz.com;S
258;wlisdclvapjmjxtfiro;gnhncfnoqubpyeebwf;29640351;15/10/2018;eaemrkdatj@pvvraumioc.com;S
259;tdqflwzdajxm;dhcmmklszlwmgojt;24727862;19/06/2018;obmfkikemrqoqtky@jxjqbtoiytufxn.com;S
260;cfmnxxzrakskzlxc;bddeqmvblrywhiuuu;2028079&;20/06/2018;nbjdetsyykqo@pzhnimrwzghetguubkv.com;S
261;sslfjxdxojx;dlalellhren;38270981;28/09/2016;whevpjbysfyex@onohoztvvdr.com;S
262;clugsadhkoxchmsgi;xdefqfedvssar;&7525550;10/04/2017;pmglviyeomwx@qumscerdfdrhtqoma.com;S
263;hpgfkegalmq;igysgcxovtlptwjjm;250&1850;19/0&/2018;ilbcauhouwv@cdarasrmsbc.com;S
264;hlhutdgaqht;fnmiehscqrp;29698762;28/11/2017;bhldgximirp@naqadlewgwtjxkqc.com;S
265;exnntudexomcqethi;fjoagvxyfw;34184807;31/12/2018;lhmbuufwgwwtygnazn@sueylebnmwj.com;S
266;anupiamvxmjxu;fyetzyebwl;&770146&;2&/01/2018;kxyducsfzyysuhr@filqvjwurqeggwnenw.com;S
267;jtuvwickgbpf;mbhuvlpfcrnzkgkd;29777840;12/03/2017;dmyupojfymstglibip@wiivtaqgrhnpffbcnrd.com;S
268;cyndmuvmivrbbmioc;jsmetaebzx;38326020;30/11/2017;pwsrlcweqfrzbkcsxio@wzvpmsktojp.com;S
269;odehuqezaflkwpqgrk;lfahjfholleubvxm;31324245;30/06/2018;ibxrvmgijrxelwrfjrx@rbqpznyrdhrlymgart.com;S
270;jzemxjhdkoh;vpcpfzcbuvobkfwrph;30232237;19/02/2018;aiifwcprbhkda@cfyiumwgtyqkfjvcuzm.com;S
271;avufbeujeijoqvpvk;jmqpfrxdqwlpfrr;22914015;28/09/2017;wreibpuniqizdowcbw@ntmmvnqcrtqsbjga.com;S
272;gbzadguaxy;sygabgvfhmat;38762854;13/01/2019;zhdlasqbkmnskfzyk@zbldrlmemetpkfeongu.com;S
273;vknaisgpuiajo;ybquwspuxi;26681612;11/06/2018;jqexlpduygzdwvlofao@lqnbjxtkzaoqstdp.com;S
274;aziqmjkqbjd;wdtzqsigrrdhjv;&40&8896;07/08/2017;epmenrpfcgwi@tkrquxclphsiykjvxvh.com;S
275;mgiozhqowrmdwjlhqjh;cammsnznhgp;35334181;28/07/2018;rrqwlbkugmqpuaghk@jkyzebwqgdnwosvhsc.com;S
276;pljaztxajrpseh;brreqtehhicgrsmnp;22465684;16/12/2016;ixvgnnisigin@ykbckjpcbynlvs.com;S
277;gyssytiuskykedokf;xidsmylywt;27210778;10/05/2017;mctmafsnxsdhks@vyihbewvprjoevhmkg.com;S
278;lpsohotxws;rgdvnxjylsw;20521642;04/06/2018;ditvyxwgixmnv@dosbkexsbhqqhhs.com;S
279;qvlibyhdgxrdrdlqa;etupovwlnifdgglth;30633846;03/09/2016;zoioxkgomwacexhby@uywtnvsrauqr.com;S
280;iibqwxmyrxtifxn;fqicgiieufcdcp;39187927;31/08/2018;iafpkdruwaky@hczzngsitbh.com;S
281;xmkvntrthfw;zaetoyxkxju;24854411;28/08/2018;kffgnqrancfjdo@qlyvwdizxkijwyxvv.com;S
282;sygpeivdxfxgnnpluqd;klfkqumeicnqnsigum;36367481;18/09/2017;vlgspspghantqnduhqo@okddlyjecmzrtiarni.com;S
283;aooletfajqopp;vkykbniwfbaxlmq;38339953;05/01/2017;txbldhrsbnfdpms@cmodkkbqeyysvibdx.com;S
284;gyicjrcyafe;xgziwnygscotdx;33940892;17/10/2016;zfkwgoovxnfd@llalhnfunghwri.com;S
285;wiamjrvqhhcwiayaf;dsavdjwzqlymfs;30718166;16/05/2018;yfzpsgbblquaofn@urnrdmqlpcyisxrlkau.com;S
286;kuwbmvhurdkrziwv;eevsmvfvsbffrahwzaw;21902273;09/09/2018;gbaahjunsndtgbiwob@bvxqgmxjbgsqkcov.com;S
287;cbqspnnjytm;umiahwqiepff;27042088;13/04/2017;rayrypgikclgpeon@piqgvxhrdyen.com;S
288;drmazmaaylxgznj;cttghebogyq;28318289;28/06/2017;lbkjmwwrajnfu@ftphrnwortr.com;S
289;vhtgbclejpmjimbyrer;ztxnlpizumdgsxtdjeh;21542537;18/12/2017;nnxqjqeasgl@nfrjzkucrv.com;S
290;mfkybdqxei;ynfevosmbxu;&2781871;17/01/2018;aqiiczjwuf@uifbalyjyryf.com;S
291;fjfdkeomkdoemg;zpuvbgrdercnxxemtli;39920749;22/01/2019;otsbjealabxwwornf@gjsdybnxtbwz.com;S
292;jqxlippjki;wmuktjplgmgvq;24410034;17/10/2017;cyajkavubgiwipv@sbvsiixvoffq.com;S
293;gpvgoailmdxyea;iurgffffhdgzacirv;26578329;13/12/2016;axyosaaawlnzvvqzp@knpmyuskwlytvniv.com;S
294;ddictrekzk;xzqmznfvyjumkv;32568008;04/10/2016;vtvlspmczfmgyvbzcki@ciwrakvwbglfw.com;S
295;egsvokqgntdkcojng;mvznvywmvgldsmawzsk;32637466;29/07/2017;amayyqqozvqf@usuwqeoipjyxcgedqeb.com;S
296;utrpwozadrpsqi;jjbhzmyeajitlgigej;33500903;17/12/2017;cfrauzrgagasd@erlhwzqoyqaqe.com;S
297;mphmufzsozy;gjgevxacmkboefkyr;&15&8919;07/01/2019;rcgevbfkeks@sptkexbdvwsnzxa.com;S
298;hxobkjvurzorbqmsq;rpsiwnidhjww;22&&4471;06/09/2018;qlwlengwvdkh@gbsovfpeekifyw.com;S
299;rfxdfdbgswouhi;blvikegxeseau;35421545;26/03/2017;tmmuiuwpdigydhpftfw@zqagipuzwlatl.com;S
300;jntvbizgslpiqgg;oexcmtfjjjytzrbsjaa;&05&8&8&;08/09/2018;rnwvnvttviibovdpq@zfelmriqdkhyvtziuff.com;S
301;aiwutzprjqwc;tzobcnwvhsusbvfdazd;29577911;13/01/2019;mwaoqizvnspsvqswr@vevhwfovpo.com;S
302;fvdxwybzklnywrtxur;riurougjcxhcxzs;34683687;09/03/2017;bdaxvhozkzycdf@awhvdsdxhmr.com;S
303;xljklnzjbcyia;ahsunscfjcmfqlrz;28082299;16/03/2017;ietgvlluccqnce@xxxkxlpengycuiqqjil.com;S
304;cfpepywjutiog;pcaxpfqoucqtoouqel;27684406;02/09/2018;evgaaowgip@kvijqberxu.com;S
305;iyzaslwsvhnqgei;oxjbszjgbhj;23553967;06/03/2018;waeepdblvdlailaazct@lalqbjauzwdrq.com;S
306;vsrvoxwduhdicnnbyw;oqeegatlzokjf;28525336;11/08/2018;msfslbbkihgm@xkmvfyqsglszv.com;S
307;ctcpbyqyktwqofxqku;xqzvygohpige;25027093;20/09/2017;eogpiuksmkx@nomzsieqlpxq.com;S
308;rttagtvzjvjr;npsaufuqrvjwtks;30864451;07/04/2017;cbvnxyzpvvy@npypszbcmzhp.com;S
309;yaxrojtvutqslycv;hgcminpvurqzhuesbb;30013162;16/05/2017;lzkjwenwqfsl@mglgomjayhj.com;S
310;jnmcczspbld;ahcqhahxhxcxffg;24650865;02/11/2017;shzxpaefoqoeeb@ulwkaryyvazccqihkdr.com;S
311;mxrxnbmhwcipghjob;sfepdpdrlkals;&1465&85;05/07/2018;eouyokvagvshtcar@hzgcgxayvehzzt.com;S
312;xdwmsanckm;axnedobwqxavtrncz;39432187;30/10/2017;udjrlvpaol@vqgrkgxsstavjsih.com;S
313;jqrwyfrbtifv;pqfchmfiedasizds;28301674;17/06/2017;ujzqitccriar@twzfbrnbhcig.com;S
314;gqbzjeyivsbib;cguatvzvzdwqedka;27913819;01/11/2016;mhyftpqcxxrvubl@iaoxzbefgprshqjag.com;S
315;vqsbxyniwiol;sobcsvgfmlob;37148288;26/01/2019;tbcpfnrvsnshhxdw@lzlabjrrjl.com;S
316;vjffdwosmtyecutikn;nuorteeqkm;21629548;2&/05/2018;plvwclxtqdbzceyn@mpcaaoyaotojsdh.com;S
317;xlulmuhrsis;vkagmrklvawst;&55&4000;0&/02/2017;xmdzbvrtfrakebwu@okpuicfmuryp.com;S
318;mkzvjxnfchngciqhsgb;asetqrdxxcdqtb;25317338;29/10/2016;iqyuqeoxbuxqcecdvhv@zbjzgrhqqccepcpizuv.com;S
319;nonrpymnficswrghcy;npoukaceazozabwnuq;21912415;08/04/2018;liwmtxpbuyu@dggdqyuhvknvw.com;S
320;hxabjwpscv;gkmgulliedkqz;28315390;06/03/2018;vkrmbjlmiuocyhcy@lwmlmjpuqvm.com;S
321;adjeukczvvpcgf;hnokcsccfyoz;&&804520;18/05/2017;znohwzpudnybhg@rtudlslfwvrnl.com;S
322;irtvfflwkgavcgw;dbqqhdyxjsddc;36969354;14/05/2017;tlhibojnmmmtaqbjph@xrsqhfxwnneiddk.com;S
323;okfcxdmmxe;atjtbbyzjebiqdlje;37291195;10/06/2018;gdzlvblnry@bckbbkcwmqnahfmhvyq.com;S
324;metkbwzysjgkjkio;xwqbqxuczacb;&8&16245;27/09/2018;sosiryngrkc@fztsndjfnuzabh.com;S
325;ugwoojeiptyibqzeqan;mwxbjlufcprr;&&528968;2&/02/2017;kttnhtspnnfkoxnxmn@hcsbksdcnatfi.com;S
326;wabxwzzlnqlibbag;erroeeeawqwtuamzj;28864592;25/05/2018;unnvhbghfmrmohkifl@rgzzhyuhsgra.com;S
327;leipmcuwnqkdggqr;pcuvhfjpfrte;25826&14;02/11/2016;jghgkcakzl@cagxfbkpid.com;S
328;qpiigtpbindug;pfkuxhbdqnlyrpkpce;2&027884;04/04/2017;wfkbllercbyp@eeenyajgjt.com;S
329;xcfgfxvxsxejq;iyprsncfcomjfzrfypr;36720251;07/12/2016;voyiwpaoga@jiqsqubbkineykkk.com;S
330;qnapuerpmsresd;mzaesurqlgmhgo;27545665;08/07/2018;qontczsotjtdqwr@sydpcdpnbzfprmag.com;S
331;shcpoqfezfyopkhua;haggcwcyrhjrxkwnp;35805089;09/01/2019;yihrtakqzv@hhncbxhckop.com;S
332;ohazhldkorayoj;taijmnkmilhdrkkpmu;29660425;26/04/2017;xqvrcvcnedzc@szgnyonzqtaz.com;S
333;hgyttsumddmvzfmku;plkuwpdflxrondntb;30635119;12/03/2019;tfcmzvskptxcks@bwmfgfjruzuyyrmp.com;S
334;qocjwlvnnxilkgqcdu;mamytbtdrzlozyqy;37790254;22/11/2018;viabzgixpyx@wtgckucehqslmppzmx.com;S
335;lfvcaehujgam;mpbmrmaberj;25059352;28/04/2018;jfaukhrnllkr@qddcwkytjvgyzjv.com;S
336;kibrxcsniugog;ouqykptasjjo;34627105;07/01/2017;hwiszinxypbwxabcdpa@rjyxndjpolfjwvt.com;S
337;idpxneewoayzlkycb;bupailllaf;&&741548;17/08/2016;elttfkxbvupxf@msmiuuuderzfdpyb.com;S
338;pvmvjtpmwh;qfjidjhcxbjbld;20211381;06/11/2018;zaxviqdkfz@uyxycueefqzsiq.com;S
339;dwkitmqxxf;osvhrdvkenoykfe;39804092;25/11/2018;wsguffppolysmqhnlwq@efuifdpmsuycjd.com;S
340;yckvcmuogma;djcpkyodimvefdxdmm;34583931;03/11/2018;ovpzmwpqjeeyxzbpndq@grbatvcnxidvz.com;S
341;zsptblhfxcqpzgud;nvomtohvcjswow;24701011;14/04/2017;vkxomkmoslwxorxugw@gcalwrycpbjcwwoj.com;S
342;cddfobsqryn;tommdpxhyexfiasnmry;21953666;24/02/2019;phwtxorrjkfrcsphz@pkeozpdwxfmfll.com;S
343;fdlwvmuwxqr;iauerfujqsvdzq;21814397;07/09/2018;cajcvbargyqddznca@uzxaoztfvwf.com;S
344;cahnbxdotyhye;rvlucnthpbtvk;36377596;06/12/2016;kdvusuiclpfzdztubi@uszbjudebewdcejzcg.com;S
345;baugzczwrxgdvzxcaj;esbdannspbatoayl;39783870;20/11/2016;usrsfjbvnbazsgkzq@botjnagnsqditfifd.com;S
346;pwgatcwdaffor;jhlzplbelddauwio;21794805;04/12/2016;vatlozldhvcdc@arohnwcpswpnkqqf.com;S
347;ycaqnioznb;wedtohuqexfwqlmwj;29&10248;12/02/2018;mfnkxxvpfzf@qfuuptddhdqhfi.com;S
348;fwlptbrkxfzck;hldcdgrtsikwn;&7210626;27/04/2017;cklclbumvvzup@coaddcycoqy.com;S
349;lpbsntfdughzveozwox;xqvxxmnnzzrvn;28730552;07/09/2018;iiaiuanycuu@zgrfodrcmb.com;S
350;hsruwqgqvulmceozt;weorsbwogty;30304101;10/04/2017;pmhmdkwldolw@lkhncnqbsabrh.com;S
351;yzvrwioxybuv;iayalpldjt;&0190194;08/02/2019;ajzmqvfngrn@qajejpkpnjnammh.com;S
352;snrpclugtkzihppxgrh;rncnavwztwxgq;27203417;12/07/2017;wwkyxuvhoqhamkr@ugejjsocrjv.com;S
353;jzchtlabkczghykvu;vyfgjvhlio;217&2662;18/08/2016;ewllbzgeogdaux@sfiyaeellysff.com;S
354;wucrgibpcvdhbn;ofycnfupgo;2&958181;11/04/2017;yasjxoclzzpzpsn@micjbjvslxbwa.com;S
355;zsrfaekiscqakeny;lhbazpohtrws;221&7687;05/0&/2018;aylradalpzekbesbsmi@hhgjbxgkbvo.com;S
356;aximnbtihfhgl;mdtnhlddqspumfvqw;38508294;08/11/2016;rdkctcrqrhnleb@xzubybipbiqzibzxt.com;S
357;fueyauhxnuqif;ytihvcqdlysy;39812230;11/03/2018;imfquthdyemfexk@uzuuweeeuafhzgyjssz.com;S
358;oahuijgcqsd;ltmbrelewv;26353472;24/07/2018;bzrhnvphdujluhi@hyqjdvtdkrysqzzn.com;S
359;lxbujdbdjmxdwg;cpfeoguvsasixstou;37503203;15/04/2017;xmtbdyeslcuxjagokot@enxiqortdqmtix.com;S
360;fqnzbotfzrjdzeiove;mzxyynyvqca;21680681;29/12/2017;pxdnjawnkbcrlkxm@illxslzrll.com;S
361;nvsjselclu;jafsvgmcunhhjwbgom;20334607;23/03/2017;yzsnqnbcxpaetzdz@ldxxalzvvbkrwzcv.com;S
362;cblmxtsmunbcjyk;imydqffnlmexux;&2705679;05/12/2017;ynpscshxljstdmfv@olmbzmuimak.com;S
363;faztfrcnam;zuloyluqtcazgk;24829180;03/05/2018;revbpdarhlntxhbeacb@iobkcrvawphfi.com;S
364;bdohtlademyoqpn;rmsgchcylew;22235668;11/08/2016;mffntqvinfz@uhyszhfcuudewltrlsm.com;S
365;gnzfrozftc;yddpjhiqucjtmc;31418911;24/02/2019;qjsbmbzhxgmef@whmxlxloxhxi.com;S
366;iaqwuaomckantwbq;xyhiolmsaiyiqv;2877&610;05/02/2018;boojgpprjqpkqt@surxmxjjirr.com;S
367;oksczxrhetyxcgikcvi;ywaeppzibjccgihy;36933887;25/12/2016;zutftuxthswndtxt@jjteqilbeqlis.com;S
368;rcuxhjeimisg;fbtournrrqjpnt;34629030;29/11/2017;tlwstmrrwkbumyf@ovhhaeeezeqfst.com;S
369;yukmlawnwhab;xmwvvoporejwqmwxyw;21156459;22/02/2017;qjrrqebjua@eofqciqpxkcoljcs.com;S
370;xrlezfqpkvrk;ohqvqafrkkdvmkblks;28891398;22/07/2016;kujsjzpuqzan@imtkeryemzmgs.com;S
371;ltjamrolbsroo;qznozouvhhs;30613401;07/10/2017;xivfnrykcgplgyt@aqjejkenfebma.com;S
372;levmbkcqsm;krxppqkqoeh;24079017;09/05/2017;nuvcavazkyx@ftrurgbygzsychrr.com;S
373;gjhbbywjrvjryg;iquprscstmpkmeysgw;38455102;04/11/2016;uyhkospysewthcnw@lvqucpmoknwlgkg.com;S
374;xvvogmwsouqmi;oadhdgrkfrg;23476847;08/09/2018;ztfxfmoadtjetcsb@fxljspeuhfyd.com;S
375;wnbatwjfkift;nriurrnvbkpxopv;32359327;13/02/2019;cmekgwyjgiga@hqfyifbhspf.com;S
376;jvmaehkfvrmmge;zqdsgmyiyggmqoxk;2289&465;&1/10/2018;xygqmryxdnytuxobh@ibtuwtcjrx.com;S
377;heaebahzdvunurdlj;vtuemqtblvrcbpq;28868754;15/03/2018;qkxftoarhhrwdhpij@qahexgxbfgfvmon.com;S
378;awfokfvoyxwl;eohffgfgrsdfo;22968492;17/11/2016;rwwodjjqkxkfeozhw@dieakgrxxd.com;S
379;jbhyoihenxwdirfsjx;ophwaronrgdfymeoiuq;&6700&62;06/12/2016;efevbcgciefydmkkwa@uxdhwnkzihmyowfwfno.com;S
380;vvmpobohfwdoqefp;olmgyiujhke;2&742665;19/07/2016;stmqvlhyds@ahfrbbszxy.com;S
381;hobjbtizwmdlpgxa;zzvaeimirfdpb;26024705;19/08/2017;dpgraikfsjht@lnmdpndxpd.com;S
382;besiiaahrr;mhctokulsrfpposeqpo;31881811;30/11/2017;jgayebujckj@kqaxnedpsycu.com;S
383;hjvpbezllixtqhizhtm;cowyicispbnfdwlz;25669892;02/11/2016;dtcbbvxstytzwo@qyjnsqzulwampxpr.com;S
384;myqsyntntjxhvl;nhbpkmuriryomv;35846918;31/01/2018;rwqlgllpuazrwqryk@tirpuqvogcgsve.com;S
385;doprzdoljevpulm;gbmxvwdnuizjotsbpip;30930005;10/10/2017;erdpihadppapbplvhba@kkxnytpohlktnyouoq.com;S
386;gwrqohdeuqjofhcoja;derkwnxtwjjulisqgw;39436962;27/03/2018;qqwgsyfnldmfuhyi@wmunlgcwvpsndnsdpd.com;S
387;pltzkwydwmydwzoigk;tgypuyoumerp;26099547;05/12/2018;wvzpwtajajm@dasvllbgvnmpyyiuxd.com;S
388;utksvrynzbnxtwua;raolyrzbcedrvinc;26473810;30/07/2017;hdiruxornluv@qlxstifaxu.com;S
389;tfhtcatoicpywhlphmi;nqkcobsfenndu;31465044;22/01/2018;ujxugppbnrjfva@wtvbmlrlllpx.com;S
390;rhwcwrzmrwytqhrikr;pzlxymlpxqk;20952895;06/08/2017;fzxbnyzmzl@zzcpvxfilemgqs.com;S
391;qsakdseijbjre;jkuufquxrwcbmttfmjd;24141808;23/06/2018;yanhiimgngxxu@vwzusovldaeckpisxq.com;S
392;zeewnwwmbxeixbpxvs;hognxootnjg;22942168;19/12/2017;cipchoejvh@fdqzrlilmzxcgxxhev.com;S
393;elxlhnjvwlubx;ntnmmnohpkod;&867&518;12/10/2016;vdhasmbjpxgvyo@slzhiprwwwidyxemnk.com;S
394;qtwuizoxcdgrsfdnog;axnjlkcmszfwxze;25349640;19/12/2018;zckeakgngzkk@rusmiwgnvrdr.com;S
395;bknppgahxovxtpelyf;rzoxuuaanwcuwqh;31254372;13/06/2017;sxlujhxduxkeyr@gnwlyatjettcxbf.com;S
396;ymimiogrcpwdodimjjw;enmkqmfqkvgtwcz;32485862;23/09/2017;yubydijddqoeyh@qwgvtvkepbpxisku.com;S
397;zvixurzipvwmgfyoag;gactzxvzuk;34244811;02/04/2017;zcugwhmwidjcytcugk@pmqkiplzykowjwt.com;S
398;tulkifbxclfwjm;vdcbtkluxpwhqypmv;26072933;08/11/2017;gityhalsuohsacwr@rpqgtiqzcz.com;S
399;gaqldxyfacogrncb;ogtfsnlyyhp;&81084&6;&1/10/2017;vomzzvpqktcftc@inwxrpmdhlino.com;S
400;fsqzojhdinoc;croprddunuftt;21&17627;24/01/2019;mvopfdffhd@rqbcapevnrjgfkt.com;S
401;cysomtytjeteohljn;dejxqznejkjccbxb;&9460&84;27/07/2018;qrfbieptjrsiqjp@saotmwsxamupxotx.com;S
402;rfwqnybasoypbea;vgebhxsszfscxmyk;27111211;01/04/2017;elqevmsvwu@sdzhspsjvizyfvhgzjx.com;S
403;thiantwgymdtrkgp;cvvxfhpyrfh;2&421685;&0/10/2016;gkymoewjyxwovdxdxvb@yvlyycdcqtaabfcvh.com;S
404;hzdamxoryydger;uyudnsoxynikpefkrk;32986918;20/03/2019;ttoupjoxspgouhzm@jimxrtozgevmm.com;S
405;nchhbilkyg;ldxqwkxcumpym;30861712;27/01/2018;vxqwkaozfdr@rjjcichlxzoq.com;S
406;wrsjlfebyqbjbkmz;pessydjimmsvnnixpho;25601907;03/01/2019;vxllgusuncir@mtsugyxpepljz.com;S
407;nozdidboowdne;vangtbwrsaezg;32915164;17/07/2018;rhnqvjclnvkacuzyxh@hhrofxvqmbfo.com;S
408;frkfeovdqc;drwprrrnvguu;36955534;12/09/2018;egdsakankzaxfkwf@ywofzuxqsyxakcn.com;S
409;vqhowoeziptibdwhgvd;xpjjeuifszncv;34182884;24/09/2017;eewewytcnkwoewzxh@temkmgblktv.com;S
410;lbptrfwpsxaoht;cpvjmrwyxfdebykitb;28049921;05/09/2018;cwxzzjnijn@bkpkndysmjrmafcwlc.com;S
411;eoaumvurnqwuvuv;tgsipfwmpvxlbbl;&26&047&;07/02/2017;fmlligyfpylvraneaf@nezvnbrfmdxefouciyh.com;S
412;hqfylurplrz;vohfqntgudhpcbwrxd;&6&16252;04/0&/2019;xgdyhglyhqrfcuca@npuybwamil.com;S
413;cxgdeqqrrrsm;relzptcjrgweorng;29476239;18/10/2018;rlxgjtxndabebvrzuil@lhbsyxhslqwkfcl.com;S
414;apriqlegyqslzbecwtx;mevvmxsrfdzf;&8869417;08/11/2018;cikuwlmixxvdxp@aywzhhwkadoppzroc.com;S
415;wwoxymdvxtljehpig;sqkqcjjeke;&7629464;2&/09/2017;znuoulovuypksmiy@azynngdbup.com;S
416;rmpeukufjycphbc;zedtwfgewx;2&152199;09/12/2017;owksozcoswoy@xlutpggmhhqt.com;S
417;ayzuedsssfyblv;ydgdieafqycvpmugfyp;33587933;23/04/2018;otvvztavlko@entcntgmkguycom.com;S
418;uvfuockkoeimnr;tluydaobqhvw;&7047575;26/11/2016;cbizgbthmmuv@cimztbobppxragkaf.com;S
419;yxoyyzchxtuiq;gaffitirinhowwigxt;27901503;14/04/2017;zyaornahmwbncsrxfqf@efsseswenuczqtjth.com;S
420;rnrdgaiaaeci;eajxwhclbswflcbvxsx;34243058;02/06/2017;hmnwpwwomfirqyvm@vyodztfevjqnovi.com;S
421;uvnoioiomdtrkr;tzbymrsbwjhvx;36599058;06/01/2019;scbhcxzbkvpcays@lgeptyvzlufrh.com;S
422;rhtotjpdfwrmj;yutchzwfcw;38211151;28/05/2018;ieqyjovwxt@ymosztrjzuflkzqikbg.com;S
423;hdyfjaqqfxfdfxg;gkvvuimebhvooepkqg;22594601;01/08/2016;hytfjvhkcqpzcxubbj@sjxzycbkqncysfrvbk.com;S
424;xgmsuhcirv;flvpkpvjgqzfjt;&6818446;09/10/2018;wktgteaqgqoci@wlkxvookifd.com;S
425;laxpzbyepcjywhrduz;bgdhwzkpas;30044581;10/08/2017;ljrirsqjvyyv@wrsfkdaagjs.com;S
426;qzgpignzxzwasnats;yvazjadajkfvvxss;24240915;15/07/2017;chtvsglwoknhakpmtnr@lxuumbufnvhxnzmk.com;S
427;sebbihrcgwuresalr;abiwvzzowkjuuoxjt;2&&91275;09/09/2018;ydbgpstdjvd@grujcsolncnvzoornu.com;S
428;zyntxsszpdrks;jecrzrmlidxreod;34413912;24/02/2018;pyjxcvqmbvlfxpkin@ktdrdlebscpogxygoa.com;S
429;mncprhnrqzqqhx;bvcragqmcsud;28956996;27/11/2016;vfsaurttrbxihn@wvrqmwgbwpnlqolby.com;S
430;otcshfjsmnkyiwfbh;nmqzeyesvmjflkm;2&270&11;26/09/2016;gobjnhlhfeojxkcxst@sxletbolnhezgxs.com;S
431;keyafzxbelidblo;gresfmdaatacicnjon;25789116;19/07/2016;gfsmbcryfxridj@aegknfriicoc.com;S
432;fkbokthixkgjcnfllt;iebdswhcnbfwshjrel;27&21&94;&1/12/2016;ozbkukrgaqbvynqzug@plhsvpbycygviie.com;S
433;prkxcvizqyyyxcc;wlegfpvckmtukqtrcpw;32502652;08/03/2018;qxltolcsfhsxyzai@lclvngbnapmacc.com;S
434;dwsufcftvnx;fbhzkyusgwffzd;28622724;02/02/2019;aptklxvoahosmcojqrz@sezrijrxxqxzkzrkoo.com;S
435;prqftubrjlmudfoopd;gmhpdglyhjq;25942858;27/0&/2019;crttqsihmd@tzrkiyysfotqhf.com;S
436;qbgtjwrraoylye;faddfjgimfarkz;27&84819;05/05/2018;qbxjfdqfyrishshtx@aewddoaaxy.com;S
437;lketpxynjfig;rjxhrixyxisbazow;22253632;11/11/2018;wntdjkgwhzjr@nrvoafmygqfp.com;S
438;svhfqxtrnovnksrexj;eclndoglsq;24051377;31/01/2017;cfgmoppefialo@njqxdhmkyoepu.com;S
439;qohjcnxoaffrfbxncca;lsbpsmleonxemvaw;&571&089;&0/06/2018;tgdwamrbaydodh@vuljxdjlfr.com;S
440;xukzqsknke;maowmgtjaecklm;23117324;04/03/2019;mntvkjansiktkfztvz@jegarsoupyg.com;S
441;oanrjisfglvqtd;rvklmbkjbcgcu;31707713;08/06/2017;ntbmqtdzbtdekarv@ikqguwquusrkbxc.com;S
442;gdjufiihvzdelcgzje;aekalnyizwngmgkoxtk;31099264;09/11/2016;tehmjzyecvyl@gcnuxtyvxqbik.com;S
443;nznipvcacdq;qkchpdtszhsbqazotcq;&6994606;12/08/2017;darjfhvzpeshxilfmlv@idlcmyzscv.com;S
444;flczblgkeon;gluxtuirbxpshzgzx;20126219;01/11/2017;cpqyfkimok@kywlrxauwa.com;S
445;seiwogokpbevlmaxivr;bttzwratrltoi;25852509;05/10/2018;oxfikmlmbulbt@itajtvhjrftgsz.com;S
446;kbkowxhtxhszf;htorzvlnafeygytldw;&222068&;28/12/2016;imxtwhrxhofxbdcbqo@lxynstztlwechi.com;S
447;fzwwcrjisqztbpbtkf;nnptwpderzxvhnjl;35510798;08/01/2019;dvtnqhtypmzrhxqkfwt@nivhgemtjjljnw.com;S
448;smajgxslgiiy;olfxrcoznuxzticnda;37944350;10/01/2017;sldhkemgfwsgkhyj@svrmebdffqsozqzqumk.com;S
449;obpktujnpkbrrkl;jdrdsmalgymmutqk;35725028;15/03/2017;tdwhhpgyqfwb@xnqfyluuujghhqf.com;S
450;ysiiouvbiahiyhm;zrnmmkchdcergp;&0&54028;01/07/2016;eizflxukvxqaq@axnzvyncjsjzxwvlyw.com;S
451;ghwisqwgsimxv;ydnosubvwhyytypm;38637423;02/12/2016;dlumgbwvgichsjrkk@ofqzlomlest.com;S
452;sahynashxlo;oalyxxxsrdhtsuzd;29992292;18/03/2018;vfcglpmonrfajjy@xnynfzaqlivuri.com;S
453;lvtknoskuuewp;vzodtmgsiagsh;37227687;16/11/2018;gnltdxaxswcedvrkfng@qllizhoezrvgn.com;S
454;qagfwigutnoytwrm;jywqjjblnrni;24199511;14/11/2018;xnkievtavm@fwrbcfedvyfpiksjg.com;S
455;eqeeoueyidmzflepzb;izgnwhxeeybwbjrqchd;26875897;05/07/2017;uayfbnjdqpo@uglqsrvniegpaljv.com;S
456;ierwibrcxmxad;zxvmgrruedikslvx;21145407;08/02/2017;aovobhlnblrd@decnvaqyihurmkyo.com;S
457;sefmcggugasemo;jwgbrjztlpbvyalwc;23123114;22/07/2017;qfgryfyvqftktwywrqf@cblubamwragonw.com;S
458;zmjehlosiq;hgyzonhweepzggohf;2&072994;11/10/2018;lvvhyckieyfbmw@xdhcggmgfkhk.com;S
459;dgevjqpqpbsjo;qysmbfewnqly;21758619;06/12/2018;uztbgyehwobb@bhsjxxifilmumvasyke.com;S
460;ryokivaizatfvtmppg;ioytqrnvikoa;35226274;15/06/2017;acrsmvzqxavbcmjz@evzeoprqaovmskk.com;S
461;gxhkqyktqcdeuno;qpfprzqopjwahrp;25600248;19/05/2017;yfmheyiafqfmer@ikcjtruxryuiyl.com;S
462;wfcftxnnungccqaorji;hfilesoqikt;33464288;03/10/2016;mqiegpysky@bdjllbssrex.com;S
463;sbeyiehbfaeighvwtl;jhjcswwdktul;33484659;31/12/2017;lywbkkwshmyrjdqejb@fkqkaeqrayuoomnoie.com;S
464;xyjtrjvdsrsfc;elqartmlzjzfpyyc;24625523;12/01/2019;kijfrqtcujkk@jqsaoqcswclv.com;S
465;ovivmiflzdcnikkbc;oobwvpqwfjlyvoaim;29409629;04/08/2017;vdulzdvspmdwz@eakvtnhnik.com;S
466;imqhhoxvqpieyzwbo;fzsrwliypxtzay;27829896;15/07/2016;sosutxzrglk@fwkmhlyydxrnpezbiwj.com;S
467;fspbvqzqmctenwlsywk;pqcisvqvtt;22741916;12/05/2017;qjrtecegogv@ffkykjkskzeruoc.com;S
468;fawvscotpubdp;jczugawhygtwlnj;27617484;30/03/2017;sdtnrqlhyq@omwskmagtxi.com;S
469;pwkonfvswagaqybunb;hayowjejfdaemcqpobf;&6780447;22/08/2018;hnvhslvccnotudugjuu@xpndxcxjyhtqpbfjk.com;S
470;lfbbixzhoxnvnqzujgd;tywjxgspbydxazoj;31474578;13/05/2018;wmyvvbkupuakpfpy@hvbtjbagbxrhnns.com;S
471;zllmvcbqlzosmzexvt;esbwrknijtse;30732204;10/09/2018;isrpgmprtnyisiknswo@qrhnvfrvrd.com;S
472;umxpiyagyrpmxdyow;vvnnylniyznqvygtlgq;&5&66146;11/01/2018;alwrhrhzil@zdkmjezgnvujycycfbr.com;S
473;biaovewvmyf;osdbbdygnovcqg;39525453;26/04/2018;huzyjksntxos@dledxrjdunhnmks.com;S
474;hxqpeyqvoyrb;xtyamzbceqszq;38020541;09/10/2017;iolvizekxtwpmrp@wzdjatetwksygqqdhat.com;S
475;yihfyredtxdoxjymkgn;lqxbfluyrfgpwuviod;25487585;0&/07/2016;thuqzhvxtd@uimtcuslqgtvqf.com;S
476;okoixjxyftmf;ceqjbyjgyy;215678&8;10/0&/2019;tskbwnmqitbe@awmaufzexp.com;S
477;lkzggddpexbg;qyuvyfrdnxhxmctpfnw;29093794;14/03/2018;fbzaaiwzluernlivb@hctumfnquqltjkbwer.com;S
478;xoxfugfzjvrhd;eyyaymopjfyfe;24384943;15/02/2017;lctzjsiifweq@vkqxehcttnthiajvw.com;S
479;hbjfvdwwblcwbb;zzksnnhgyntudrjnexs;20371939;09/01/2018;hphoanpehsqmdibdrez@edurdvwwfeytsnu.com;S
480;qrislsgkgljsjw;oudveqzuiflbj;25350134;26/03/2017;lmbaipmpwipudspsrvl@iehcrwlwea.com;S
481;pwsfnnndgivcsym;rwwtijzkulxzjuskqw;&1746467;14/02/2019;mdvshpcndaqrgxr@nxnjcgqjdblpxkvuisf.com;S
482;mzwuamlmwzd;fnqdomyfolzxochxso;34755518;26/07/2018;akdidkxeifojbbrr@wglgnvwienempgdsp.com;S
483;nfmutjwddajmxam;kmdctaukywbrpfnbryt;&4417095;01/0&/2017;ktekacfjylodwractg@dtlgosjzajfrsrm.com;S
484;elcxtulrzn;whjzjhsjrjlfxxf;25297967;28/06/2017;hzkknxdkxmpqtt@xamvaguoiyllxf.com;S
485;htzzuilhqtrzdoxl;qmonycmbctyyas;&9461096;0&/05/2018;tekqpgzhoeph@hmhqjvclxtrspyo.com;S
486;tccwoqaszhfcgnh;gkykbczhunch;2012&744;24/08/2018;egqytlgcymgsnqhehsl@wfywhisvubsyso.com;S
487;rokngdajichoshw;dkshedfyhlalr;36005459;02/03/2018;qhmvatslzdjuinxopek@flmeijgortegshvvsnk.com;S
488;gtghodlrjvlp;bgpjgkbofyfcurz;&9&5&&14;12/09/2017;jdheudkbrfjoxulntzy@rhcjuuolfxlphsun.com;S
489;hhfbtyrpham;bkpbeekfzxu;37443064;24/08/2016;vugvwsvjtuaoci@mpwatrckmtidxektt.com;S
490;bberylrmilti;ksgpfvmeiz;&4078886;08/08/2016;gxvxogfsgfl@fnluwifbhxivrjowo.com;S
491;hprvxkjvslrqrh;hklpifawsqbryviuwk;25&71748;27/02/2019;lcgyvdnobqu@qpycxtwtpizcbsoy.com;S
492;frofuqotskwtztuiah;sjnjieypsak;38288727;23/02/2017;ucvnklznuexkh@vsajbuidegazeyd.com;S
493;jipdkvoanrenvzyr;qutctaftgwddoybha;35207771;08/06/2018;qqoqdmscpdsnstvd@cvfdrimwsm.com;S
494;mmanyqvfuihevgvujvv;fhjchasccogybk;34141601;17/11/2017;bhgdyixbomo@mqskwlizybfjm.com;S
495;phzvxbonurzbmamexd;qublvpzdozuj;26968336;25/11/2016;rqosbcsuxzrzoe@jxahjtaxccpytkvhxt.com;S
496;uimccqaeuwlelslzl;byawrcujqmwflxrv;31469214;29/01/2018;oskwsrcwlttox@meoqqykqjixpojk.com;S
497;kgkxlpnbvzbbcwovhlj;skfpkjxdgqewnbebt;37059391;02/08/2017;aextkftihhelwnk@etujcxlmgpx.com;S
498;ojzdwdiscghy;cysutwluhycaw;31190960;05/03/2018;lxplfxslsfetwmgsn@dfslumimhgbzsrcl.com;S
499;afkidrrdzrbjee;xqcjmzhcuntqaeaytze;&17752&2;18/02/2019;jzdgxitdfxzvtgx@nlqwwqmehbtxalgmg.com;S
500;qkwgvwhdkgqeinsoih;bbwxymbbxsqmjgoatv;224&28&0;2&/08/2017;yzelfyzoqeggatzff@iavhsipbwhj.com;S
501;tmuvbbvmdsdsulmfpdh;xitrvmyhwqojc;33158226;25/12/2018;bubnkrgmmg@pjhkzcjmepxldsmdn.com;S
502;uwluqvcrurynzsm;heupirknmwpr;23123069;01/09/2017;lwbbmcssqeaepeukzl@jdldauppfpxewtlf.com;S
503;aygjympvipkklikswnu;tlscqskirrdmbvzwg;37192571;22/05/2017;smjopnqtgaozknacvit@brgtnzwbwkcgyqhytvm.com;S
504;wfgouuvugccjoqq;dhyhalbdpx;21540227;03/03/2019;kqgoumekrjklduhzj@hyxjbcrvykm.com;S
505;qmdmogacvqtwytft;bnyjjuexeae;24&68765;24/01/2018;ayfoshngmzlrglelqnb@hfmpurodlwy.com;S
506;gpzgxtzapxcksywp;bdusbbukkauujluy;&8&66794;14/02/2019;fqavdnetazweytcrtbq@rtimxwtbnwn.com;S
507;auvizqdlzgmazfxf;reeqpsgmmvgfnefr;20180409;19/08/2016;shzbiekmvycvfct@zgjxtlqamll.com;S
508;hxxkbcvxuljk;nfedrpifixn;&5616657;26/04/2018;lrgucwgufyeasf@nsmcxieidr.com;S
509;weszzpnohwuxqkegwje;lcqzdqmsvjgatnvx;34706993;22/03/2019;kdcluwfyrkva@yckvewkbfrvbfzh.com;S
510;teaxdgqsmxabqgol;aywpfcdbmfweaewq;28787061;0&/01/2017;zhpvupyqjjdf@wwngzphzkbacts.com;S
511;tajgnoqovhjmsr;zqcmwmwxtxp;29105555;02/10/2016;rskdjrnxfwuctosdmgc@pwzpccjbymxn.com;S
512;trrruknvejryrua;xfrjdqwfnlshkyx;26804110;16/09/2016;rywsjdbpoc@nehbchwhbajfxlauq.com;S
513;mdvlvguyjzh;xmuyuplapjvtxt;25668063;30/01/2019;urerhcferpg@vazmeuavorxmnq.com;S
514;usaztzgngg;jdhwsrrcznfy;37855803;18/07/2017;vdfrluwrozqla@ijpidjbpmo.com;S
515;jmrqgqzjunuppu;xsaghmumxwitp;24535029;12/08/2017;ssikzfteoqgy@dwxfgsyjoh.com;S
516;wluxjhqmvurkgk;woguvflvkslqhtc;35267971;18/07/2018;wpskwwplbxzscoigor@famgdzglhelrfeh.com;S
517;pybwxwvbcyrrugap;kksomjeyvmy;36912316;03/08/2017;oyducudrkcshevj@aepfstczstu.com;S
518;mrxkqgocmanbgtllla;ysfqlxexupqfpwhj;&46&96&4;1&/09/2017;xcldgvjkctxfdilh@ytfzbsqosz.com;S
519;hrqhtmqcmwlkxsncqtv;mnvyysrvsjkijnfwvq;&81290&8;21/06/2018;uqccfmswoalq@eqgzzfacysomncrfas.com;S
520;xzukcepfbxnyzblgomh;fqvhxnfeijd;39067438;06/01/2019;aslloyzldzllowxypya@yojaaizayjsso.com;S
521;qcbpumqmvzwjeokt;izdxwqezrxwyuvemy;25&06468;07/07/2017;gbeegfrquhevqrrbw@ejckeqqynczeoqmqv.com;S
522;iujohdfpzwccrzxmi;hjzjehduvgffu;35816741;14/10/2018;xukcezxlfibcvynvv@vyjnrkktiiar.com;S
523;ssfsnradomothbahjr;ryzknktwypmej;28245429;10/10/2016;afuvzdxvmv@pfvlsgsltdhufr.com;S
524;anjnptefnbbpgzfkiki;fneeetstumq;22639789;21/11/2017;jlpivqzhqrtshlfqimt@fnyhtfptsh.com;S
525;isbmkoxfoi;fuivzuqiibozldcbves;24049517;08/05/2018;snbwsfjxhlf@tokjsbsgvi.com;S
526;syleprrlgl;twcjivzctlnwxg;&1494421;05/0&/2017;cnyrcpodsrblsfjkk@torookolyrwfmg.com;S
527;hfqotdunvhrfwo;gbdauiqxmgxlyhrrqm;20714855;29/07/2016;hklgguiidtjp@ztttqffwxizwdcfpyw.com;S
528;jdjvtjpywmppqugjoom;kxwtqrevsytyjrk;30106768;09/06/2018;wyfgfvmbyv@xskkvdrjlzwozeanqgr.com;S
529;jqncerfpftrmp;fuivdssblg;34342966;09/07/2018;dgenndimyc@cdijexdsmkbqkazbgu.com;S
530;ynpeayqjeopeu;rodocuksuikurajk;&8466947;20/02/2019;wxnalpylithfbsp@segyvpqpgmhx.com;S
531;jlssitjcqcwxqbnnjbz;vdionpsiew;&4606&20;28/11/2018;zjmcmbqvlt@cwecpkjjjbzvxxbr.com;S
532;washdesltefpsjmqh;carkmchqqgvuneh;37551035;11/10/2017;sjpwuvpmkrthltnnq@ydfxdawivbp.com;S
533;folztblikh;mkhkazrqcsupgmk;29876746;16/10/2016;fcrhoyqpnxlm@loxremwlwsn.com;S
534;dntygklkgc;haqrrxaprrmb;24707466;11/03/2017;ekawqcnuiapjnud@cscwotjftqszeajrbal.com;S
535;eobctxzgzwncai;zczrkkadjjspbcobky;&9664400;21/06/2017;aedceutwgr@puqsdcaanbuolj.com;S
536;duxheqbpdmkmcgjnnh;gsxbzrqvbjsd;36239286;20/06/2018;mpdtyrxieslsxx@ujiulvnbofeagcip.com;S
537;rquutnxpwgzez;bhyftshlhqlaldxlrmb;32602590;16/05/2017;ekzrzubcvmxtmi@bmznjijriypk.com;S
538;uhtncntlpwzgkhwaek;rgkzfbegjdkqqpntrd;26318239;22/12/2017;bdwlzqdexz@dgujtrbeem.com;S
539;zgolmycyho;zycwufaasdsibjwhqld;37811956;12/07/2017;omjbfcbhcoudhd@ckybgzoehbvbvl.com;S
540;qzggdbkznufsnm;gdpuuiscmzgc;38558815;26/07/2016;cglpcpjqdalamgiobp@egatbtplnsqk.com;S
541;iihfcenafgybpxclumq;rbmarbkmkszmwfb;32763173;10/10/2016;assloahqhzuvzd@fcouxgpeop.com;S
542;qwcdlaqludkgzuptpxw;obbmvnderqq;21306115;04/07/2016;totvpleykaxcevn@gktxzaqzarabwcm.com;S
543;kjoqpqgeoa;lvxzxwemcgafyl;&18&1794;04/08/2016;gqjhcengqgetgyhns@bgbzkdfsaglg.com;S
544;fcbmnzqlstwzv;igkylzfvcn;&971608&;14/01/2017;jqhizmonhmpddjwrdh@eijdokcjuoken.com;S
545;mggxfysqjmwrehx;ezkiezbwccje;21279778;12/12/2017;vgqsibktpyguqvo@wkpfilzwjxdy.com;S
546;chxtkmvrnoi;sepphvwkimnrfpgoll;&807&578;28/06/2018;ctdppksqttp@ycigloyrynymwizkd.com;S
547;cllbnjsywvpyjton;qlbsbmatngkoabxh;271725&8;&0/12/2016;nfsdcvqcxiymcyvzjx@wzrrqueujkfmaqg.com;S
548;dyhsivsrsjmcbnpg;zdflvczyyb;28553552;09/08/2016;cvpvstwlrvaxudne@qtyhfsbcrydldtw.com;S
549;zcmxkrxvhdunyplt;zrljxxidww;33047499;05/08/2018;crbmkrlbuiarvqisqr@suamgdjfwaypsur.com;S
550;xukmqmytqgyg;jhrplzbthbmxjwjatm;23330642;10/10/2016;tlftzlhlwyur@lpfjtxdozxuulcfew.com;S
551;qzqycxudubmj;jykxbstlml;298&8219;05/02/2019;kicfcynheszt@fyaeqwfusaxzjod.com;S
552;ysxzmafumqtruojivof;wsneskvqppolitgsuh;29776526;05/06/2018;yytzhmvlzufiyjyboe@qkrgkveiwsful.com;S
553;cawjgkapyrxa;bhdnaztthqcfdyu;21957679;19/06/2018;koyomecnxlyonkrz@jprshhmdnnd.com;S
554;oalyrmnusjuqjcc;gygtgpljjtx;31086695;21/07/2016;dlbzarqqngdppkfsl@cxgivaqvca.com;S
555;jwhcwsfvnykg;usjizcayqc;28188417;11/02/2018;kcbpkcqgozexnuszk@ptkrfawqldvekvjsrk.com;S
556;luvfqkplfqwmnzoqjs;eeulpumzlunxdviwznt;24745556;18/12/2018;qnmxkxqyjtk@ifhxgdfmbou.com;S
557;ekdmotfhxtqb;wzjwvdqdkt;23302356;04/04/2017;xopdgkfwvj@igrsfnrzjusxe.com;S
558;mdsdemdnxcivpgky;lfxvtynbwu;31117810;20/02/2019;dxystarjfhewzgshb@onyuxpwgyeaijgphrk.com;S
559;cfjjdxrrujl;rrfjvrdulklmfjktqns;31962132;11/07/2017;wihvovyxxydtxit@rfhvqgppgofjbdvwsbr.com;S
560;dnhzijkiwhemusyt;tnwdpslipdgdwuswsk;265&4&21;14/04/2017;bxqwttdddq@bozmhqhzyz.com;S
561;flquwwvpcluz;snciawukzqmzroouosx;2027&819;28/0&/2017;uxijefhlytz@xqskhyxtntfofp.com;S
562;btcawtrebxt;uhuqzdiahfu;22577104;26/11/2017;lueifarakdvvr@ddhgjyvlbtuniodcj.com;S
563;harlrhatuiosvbayq;txxjtovymcmbvpc;20126455;28/05/2018;ofnlywvfxokgyhwzf@egmbtfufxangmegegm.com;S
564;zglceqgmpkwnxnn;gdknivqdvgsv;28524209;10/02/2019;cyzwazkdll@fdlcevyrfmi.com;S
565;iogpkdeuarqqmndq;gkjblcewkuthi;30671575;23/07/2018;aujbjltrfcsum@dopamicppnwv.com;S
566;mljfzyqldhedpzj;olanmsqxsdjljzz;31764409;02/11/2017;anchhtsnjklqgbr@ntlrsyltuwvkxrym.com;S
567;gbmoamugtc;scdbbxnvftsay;33722343;04/10/2018;hhmczznqcxkuzdk@kkswrnpqzdvuacnr.com;S
568;fnskucxobnn;dmbbstknauspnslv;29313947;07/09/2017;amtwruzwimxrrge@kaniawcqzfvibsl.com;S
569;kgafxuiytu;zueuximagmopvmwgd;24483538;27/07/2016;fhbnfwyorhnvl@uumxmyggcpohkfas.com;S
570;riwrvulvust;zfptgnaagowvkcj;&6428&81;09/10/2016;sudieyavkx@ikomocymavlketsclb.com;S
571;wluztxwjcecg;bqyeongbybxcbkxircp;23667996;21/06/2018;pfchwolyffketyo@fydkuncrruzzv.com;S
572;hlfxmofwsqlkiciu;qsmepymzsf;29790293;25/06/2017;vurvojpicpkgoejslk@lcrsbvvipmmt.com;S
573;dajvgschue;uxzsbqhrpezbj;33548676;11/12/2018;snrlddmcbqvum@cfwtvcikzak.com;S
574;yxsvoqfntgu;ukjlywrigtubpe;35531240;17/07/2018;qefpkzmpuooxrsmcxja@qdunhekwygrgqjrjy.com;S
575;vtzfrxryjfj;mqlkgyldlkdreubhqfm;22950837;27/03/2019;xqwdcmhlar@hirhyfcrhu.com;S
576;qtsuxhlwtk;spkefcebdikdktecn;35342916;18/11/2016;krldqlxgteephyfmy@hbpngffzehrrgjqbdo.com;S
577;wlhbmrfqkaais;mhkebrphjqtuky;22060217;26/01/2019;ldnluhyypi@mmshqfzslghnwvokh.com;S
578;rwffvdtwtag;tfgfgfhxyyawhak;24496520;28/06/2018;brbbaupamw@xdmkfyukroamz.com;S
579;oohlwkdjbjwpkau;cpveosniuq;24280393;10/12/2016;xujdgrolsauv@himduxjzbpqweauft.com;S
580;myekxsewrpdiukgaql;tynrgmkdmbtkgfw;29775181;23/09/2017;teayexyeoxzs@jrpzhwxhaj.com;S
581;wrlfhjbfyi;mrnyelwpnhhj;39005179;30/12/2016;ttsplkuszdatsc@yelxtxcvkuhhgnmj.com;S
582;xyutmebvkabwhpvy;rznqhnomds;22399730;23/12/2016;grbqejvqzxhqa@anordkquxuvn.com;S
583;zphdpwdhyexhtlck;vhgkjgxmvnpcc;23586880;24/11/2016;kiwnlgdqzmgzv@fhkgupkjcr.com;S
584;mhwljujvsouvs;dkzjtfkxmccpqmgrl;294888&7;11/07/2016;zwiufixize@jlusnzzpwytoli.com;S
585;qoazvmwjsyjbf;jbmmqwxzsnxsr;33648026;23/09/2017;zyfbheviddxxllz@uugjoylfrwqi.com;S
586;qmemspokbqttstmicmj;xxwsffcpqwzcw;22183029;25/03/2019;djesukhumdjy@unaqzdewjzdxoczliug.com;S
587;gtmenzpldmebu;ohayvsmwcdbhizvl;25758517;31/12/2017;jmlsoufvmcvprbnrty@zkzsbfkpcyeprj.com;S
588;fsommprcctbgcvxrhie;luwbmjtkbgl;24085074;31/10/2018;wfllhvgiyxkwvmur@nknxmbgscbbkrkm.com;S
589;esfbrmxpvvuxrzjfcdb;jvxorjpaua;29573164;07/08/2017;nedzxltsbwpkn@wveoxeedhxdezzn.com;S
590;zfgorssqpr;nrldnbknohv;22629181;16/12/2018;tbgvgjlcvnlwwiz@tdnbqdsnflzycht.com;S
591;lmaklluhwfislfdc;jyqxasrtyme;28154576;07/06/2018;zogbhamgetsjp@skpelbmexxkccmnhkdt.com;S
592;tthgckvzug;eegunzcryppm;39751863;16/01/2018;ixeffsaoyofaorvhjca@epnbccxuup.com;S
593;jxcejbmvtfw;ausbactdtuv;35418544;16/11/2016;momjkwrynrqedyu@vhqbfjhweup.com;S
594;gijanlxpbm;gacndxdmxoofz;20&502&2;29/07/2016;hoxhjehzmgobzesxlp@orhcbldimhuzef.com;S
595;zqsilrnxckq;udfmyzcyzp;35449671;11/04/2017;kshdyianshs@vbpclkyottnxdmvcpn.com;S
596;wrxsfzfuctbljw;iaaaphdplljplvgim;&&126795;04/01/2018;rwghrjmhjizhstijwrl@exczxdunrnwyflw.com;S
597;umqblpaprhu;hydkxoaakbzrj;30227659;28/07/2016;yynxhcbyiczurzeb@cpgvinccygaazx.com;S
598;dmkogmnvlhtm;neaalvbsecqjknfawa;33586818;21/12/2016;zpgvjheynnqpzurbfv@piewmulnthwys.com;S
599;ubmucfkduvwcml;itlwjcjuee;36418391;09/01/2017;mqpkxowcnprllbanr@pgaykpduooksbjljybu.com;S
600;xovlrpayerw;ozlcufgeuslcgdm;22430492;02/05/2018;lmedcwkuzmsp@mrwelbikrcsfrnu.com;S
601;yqvzxypnbovizi;xswosjfzycc;26298986;&1/08/2017;wyhqdiacphl@omwghpzndxgv.com;S
602;kmurjbjmuys;otauheropofhaxqn;28540903;07/09/2017;ansqlkmbgtuj@kqhjvptmxcpzjapkqy.com;S
603;rtrlwjuscw;rvyjoyhnhanaj;34496468;28/08/2017;ubqmblsstzjfvcan@qjbcnmixdih.com;S
604;aucbdibobe;huuwltcxaf;25589350;08/12/2017;vbshhislem@petjxnyeqe.com;S
605;oqdbmzlyywuvazxpb;uaotiytnhwfxky;248&1424;09/09/2018;kkqvdpqrzhqwgiymyi@czrztxumgvild.com;S
606;izxyoinjwkhyjczl;odkmqjfkhrg;24990386;20/02/2018;fwmbzwzkyzpiyo@uuntbnigifexfqyayab.com;S
607;ywduexwwhtrkfywdqks;hyrugmmdoewxtwoh;23024023;26/11/2017;hmyqyuxxuugwjyqtkv@owqjytybswobgqyr.com;S
608;igdctoroalnxpbuks;gevbxppwlxrcfwiiji;34244874;22/07/2017;ewsjvdeulfpar@nbvduyiqopzh.com;S
609;fhyjngxjyesgeyp;cmsifhbqmibhxx;31086786;22/03/2019;uouecgooacavdcvrqmv@edcpchdfjpsvp.com;S
610;bhqecdquiq;hbfewewkxwb;&2&02156;0&/07/2017;lzbdnpzuwf@sxzehqrpkwknrwfc.com;S
611;owidkwifhjslcvdmwk;vvtgrxryflbysm;24976167;01/04/2017;mygjxwjmkfdqwsewvk@dbjbgrfqlh.com;S
612;hmbjfjlnqfmndbbaxfk;mqxpqnxqfuwvrn;&9592644;18/11/2017;xxzeyozbitv@ybjatgbertshbhxfv.com;S
613;vdfdpezwylcxqqshl;oumtwzoxwuqrtwhpexy;20442190;01/09/2016;andjacudukvbeb@qyheswjypamixt.com;S
614;vhohdrazyxextcvip;wliyixixapdh;21969017;06/07/2017;rrmzqhacpzpxic@ydknjedxntpbdd.com;S
615;ltfbeyljqalvxuevlis;xprwuaxnjzqr;26408287;24/04/2018;wwqqndlhoqmrsazho@oqkgfeshzscywjujdi.com;S
616;kuqqvjfknno;qbuyjjjzoglkbkcj;31520114;22/06/2018;klfxfrsxmfyqqc@gvmwhgdceueao.com;S
617;ywvibogjhsccxnv;dakyagjuxu;&9872404;06/05/2017;pdupaooudnwxc@oovvyeagmvuabd.com;S
618;tjbvxksolzxpcjumano;xwkadcwjffrx;32868382;13/08/2016;gydqgeuxdpeditnbkp@fvehxvyzupmagxzerl.com;S
619;flpzietzeb;hmelohgctxapowlc;36960019;10/02/2018;cescnssyelrw@hyszupmdiwvlnzt.com;S
620;svpxxceoksnvy;ydtnjyabpupzto;35512697;06/01/2017;rcgpokuarkzpucsh@xheaskkmjwqbwwslvh.com;S
621;hzcmswslkuhzudjpbh;gplfvbheglxt;&9959542;20/04/2017;gujppewnmvc@zrqhgnviukqufsxjss.com;S
622;rfwxzssqrrjvdoqyy;fbcskuzawkttqrbio;39246940;15/08/2018;hnbxrvduqle@nvdikxolfuxqthuqpc.com;S
623;cnmafeeitbkwmbytpe;spcpyhnhgjtexrhjg;22627672;24/07/2016;sdyevsfxfmp@eqnscwczageiww.com;S
624;owjdrfwfdsdjbgrexr;hmypjrjzedf;&0145689;26/06/2018;tbfmjwdhdcrvpg@mnichomqtprjmnovkq.com;S
625;uixdpjdchcydsot;pxqlcrcuarymvuvqmx;28791794;0&/01/2019;exegqhlxcqpkdzwt@orrwifztflpkjo.com;S
626;mrjavsyimqdeae;ydfjifcasqvamkqvw;36865666;11/08/2018;dturrlghcwqe@ozlprelsdnmhrx.com;S
627;vhjghibinnzumjwcp;pckvebpkwnghq;22690586;28/03/2018;tjyaxwdebrmjtjobbhf@qeeapwbnstkem.com;S
628;jxnbisrzgtsggxnv;jtwnoyrujohszmoqovb;25728101;29/04/2017;fwslpqaebognnhmutc@taknhwrjlscbwkxqibd.com;S
629;lcogwpnvim;yztfqvmoqnsolkypx;2&078496;0&/02/2017;nypnbzgtba@jvgstqjvns.com;S
630;twartgrkxgmanb;msclvsgmohoqm;36253761;16/02/2017;lniifyjdczjoqang@tzcmklrpqg.com;S
631;efgibwvhtwo;veaxhhfohn;38213097;23/01/2018;asnuvukginiwghdage@gcwltybdxgxsrnceus.com;S
632;tiznikntoimguyndz;cbpwugeuqmdrxqq;28995265;16/02/2017;lnrleqjayznumervs@fnugzmrhqsmuls.com;S
633;kmecfmuwxclf;eswqhwftumuwjg;28105054;19/02/2017;ursjffgedbsakgqdwn@zmuwaxagqvaiiuyu.com;S
634;gjmnbvpoynhwbs;lohkhprahvoyseosq;38153844;22/08/2017;vrfilqjbefnxyut@dewgwxqoumtmd.com;S
635;gjdkhljmtnwa;gmrlwbudagcq;241&9117;1&/07/2018;tagtnxsfbptmhezfo@gntghpgljtsnpfoevkn.com;S
636;zposskbcirqc;xmfmprhqvn;36284942;13/01/2017;cxuvvhtqdye@zemcutyhkeu.com;S
637;cvtcugdijazjkraps;cqdzcfmimll;31080478;26/03/2019;djrdsmsdrel@eyemncyzriipu.com;S
638;uofxcppdgfxjavc;vgdykrxeuqylqexjy;22500152;10/12/2017;bpylznlyoo@rphggbgkou.com;S
639;ntjzwpahymwhsxp;arfntgddsm;20351656;11/04/2017;ucxatcljjkcului@wgsjfyantqnkmpfkgkb.com;S
640;tqgmtyyruigqfimxzmn;xxfouzwjwuz;27820102;17/04/2018;sylsvbirdgyddtn@gfvwwqtimvjepxty.com;S
641;qbsdaaehzhrm;ahflfetnidfuk;27939896;23/10/2017;mytqujbkgjsoasafni@qnmmaeusvgi.com;S
642;kkodshxvjpgb;nybbkwsvpmivh;25427748;19/09/2018;lmriasrqhrdjuwomnsu@ydwoehzacifgjat.com;S
643;kezlmjsllnzssfzhgk;fqbhuuptwcajarjuyks;30105404;22/04/2017;posddkielfrtp@ebcanczrxeekldm.com;S
644;kfxtgabtjzpnec;kigcvysneopgcssve;25922737;08/11/2016;barrkyqanetounq@kglltcvchq.com;S
645;rlygmnbqkw;ztpywmscnhuldtd;&6478&77;04/04/2018;nxuqegxxtt@ippprxxzvlzkmprgsjl.com;S
646;iyvmybiarauyoyzddfp;rsledtvymtb;27357178;01/10/2018;zmrpcwkdrzq@uubyoncuqo.com;S
647;ohjdagpesecvvksey;javoudalecy;&71&2&12;11/08/2016;bpatlwfegqioubxq@ktmwviwscchshyjkmr.com;S
648;rvrdydjulmpleclyt;xbdmrxnfawnnym;29084609;08/11/2017;itoefttjuyyzs@ojpelxhmazyuamebgb.com;S
649;ukplneikiogo;vtlpjldgtpzdzljmgk;22736762;10/11/2016;cktmqpqitgqtkdt@uiqwyqjbzkhabmdbp.com;S
650;eafdgrekqlgtipd;jatdnifghojdwlus;&0717&95;14/06/2017;dhgmgxmeklqcyn@ztdjjzlpbvqp.com;S
651;iwbjihfqbqobzrntsp;hzoonaowhx;24459569;25/09/2016;fqemjgmlhmotjwyonkb@emnqgyrrib.com;S
652;betprkkmplkfvunrfu;iutevgxkcydr;&&964591;07/09/2018;chkievgvztwdtkz@zbpjerfexdn.com;S
653;jsfornaxyyquzmpvy;lzqcezjdkz;&&904074;05/0&/2017;knxzhgxlzkzewlpgl@ecdtguiyllco.com;S
654;pydygdgnzhwuugqhi;tostvcoxmcsgrfbst;&7818026;05/07/2016;rpjjcggbdgxbdcldrcz@samlanuqmapehwwx.com;S
655;apvdfegxrjfnz;ycwxisrjioggx;25766521;27/09/2018;wyobunvocl@ztsjnjbohxqhwrn.com;S
656;bocbclvswytcfx;mymgqgcfwma;2799855&;18/12/2018;nxbcfsxdnbblviip@pfrxpukvqxfndjc.com;S
657;uswizjfrgdsbrgkka;ymrtbdeiualnmufzxiq;22218325;06/09/2017;dkhomxixkmz@sdyrvllhlg.com;S
658;bqgborngzaxngrlvigm;cpgtuemfjlbuwjnj;27641404;12/0&/2018;dwctgrnhpfvmgo@ucctewcvenzy.com;S
659;lzcjnigqouaccde;plkhtditqpzzxblpbp;32992705;03/10/2016;ryszsvgcykfxfyyuin@iigrjlitbmwomiqgm.com;S
660;pzsnpujwttxik;enwbhegfgktmmpl;20836748;14/03/2017;uywkicbwetmxki@riwadrrqzlrr.com;S
661;hmkjjmscvqvntjdnrwf;lmpjduzsntsrag;38988242;08/02/2019;lnxqtlrlhvlzdtf@rlfxnszpyieambg.com;S
662;xesnwyonhmgoq;txgydokdrmhhox;2&440&&6;14/01/2017;atbinujqcoefqpc@dikhayotokgz.com;S
663;wbajobokadx;rmmbqwipppa;25405268;02/04/2018;hnqeydmtxjbdbcuybo@joaewjphqecp.com;S
664;wvgfcruveskqs;fwiychpleqd;39205209;27/03/2018;osfvwcajmdiixpvjc@czuoaxugypmki.com;S
665;kubfjzjnhzqeazzq;huyxlksnmqdy;34559078;07/04/2017;zrajlskjlzjfpm@rtyekrayjdg.com;S
666;hlumwdnlraundam;agxvnicbgzl;28535563;15/12/2016;srhtpvxfswezw@btuqfsifhuemwfpm.com;S
667;iplvdedmcqtm;lcndpjajebmdnyak;21394709;17/05/2017;ubcpkgnlbdezyppn@hzquptryhamxu.com;S
668;oxwrpazpmjm;eilsrpiablvtmt;21348899;14/09/2018;mjtxipvogwbezjth@lkxauaduxahpmhvigv.com;S
669;gelnigvnugtcijxx;zroqpvfysru;25808990;07/12/2018;yrqgwzultlhituzkzri@jtyhenbyqonelhsf.com;S
670;pbfkpemonstnoz;cywgcvndzcvh;25087545;24/08/2016;rozvqvkrtugq@gtwvdsjozjwix.com;S
671;iotmqmthhjzp;ewaulkayzn;28950321;04/05/2017;ykraicizepxbnjsynim@aiqlfifvavzmarwubjk.com;S
672;lsncolxrzyxoqywxyer;supugtlmbeopbochezt;29496704;03/02/2019;bcmqduynortccig@goxtbyknovs.com;S
673;ezpibrmifjfqcdo;pltgkwpyaqnptzmzz;25552746;20/05/2017;bhbhfcubbdctn@ijlnzjdlndhhgnfwgz.com;S
674;kacjmenjrdie;zfiavjtcsh;&2171587;26/01/2018;lbmycucsjnskktcbq@ozvopyoykvpvezhce.com;S
675;dlhrxfwrrp;yutcboiwwwqkjcho;&4155450;09/12/2016;cfttvliuwddnfqc@tpqbnxmwiulnlfsin.com;S
676;dvpuouhcbrlyjmekab;yyniblpwiguit;29376164;25/01/2017;bzocpjtjklgbpc@tzrvlvtaehwcw.com;S
677;vmbhsfntkws;pgmlebvobqzacszv;28492607;02/08/2018;zbadvdaebjoerxcugfl@xuebftllydynkkprjrn.com;S
678;uzpcrxqizfxq;ibadiplghpbmfuz;34327895;10/10/2018;yetlawkgnjg@dllbugssjuidmkejsd.com;S
679;mxoalgvaslst;wkvfsdbyvssjmbwaeb;38670598;28/10/2016;lqjruuxqdrn@kmvylyklmjs.com;S
680;fhhjmepubrotfibrqvb;xmijdbulov;39706513;27/09/2017;iqybjpqqnbhvkxnck@snkarldqowgrifnx.com;S
681;errbzauvocggcxh;nehhikcvuk;27&55000;18/07/2016;hmflyjpmfbno@bipbeschzulzeh.com;S
682;plqtqaxgek;rxtslttueapihfmas;22425890;16/08/2016;xatynxdqjsxzyxyjmdy@vtcvccccmabpoihnd.com;S
683;fzpwxiduyqerjfa;nnfleavcgh;22118588;14/03/2019;uxrfjerplmjhlc@dpyacokydaw.com;S
684;aysyozuuodcsl;lolhsrrcenfe;26584467;01/01/2018;rnkrevekmirkygtcn@qggiykkbabztkg.com;S
685;qwwdyrxjsxshod;bruhzsqkzefixdwbcns;2&&64079;1&/07/2017;ezsxvenepenylstv@wcdpoayayb.com;S
686;qetszzdveam;lenhtfriddk;&72&057&;16/01/2019;jyeanpzhqe@breurkvzdmokwf.com;S
687;xkxlrlhtwguwrg;yhefwpvgqbg;287508&1;19/11/2018;rlbvwavjtjpamqi@uohuqptuzklfheumpbp.com;S
688;dmghdahgrhhk;lvdyhapoimmwp;26723794;25/07/2016;jcmsnnkppinpgi@lyrmzfsubdxhkbvguuy.com;S
689;clipbijcqht;kcnjpxohptnw;29142195;&0/01/2018;zpgmtqnsxcjyrkz@oimhqftkzwcimepj.com;S
690;xsoilscrknzbrbb;tfnxqwfkhfgmhi;292662&0;02/08/2017;yydxcuepbqfufevbqjg@tmsqpacbrhytwhzlw.com;S
691;kxnmlnehwnesxzwhmrm;bncbqtxvqedsuszj;22099574;20/01/2018;owhlragbtrqo@rzfgnxuptfvroa.com;S
692;tshhvqrgashx;ocmykixifbrlrhavx;&9761701;25/08/2016;fgrkxovjvopqyrzdexr@pwehmrxftgdzzlmh.com;S
693;kymahcucgzxk;rlrbauheblddgfkcqsm;&9809587;08/07/2016;lyunfumukhsgpyhsayq@tgqjxoixyphhrlfh.com;S
694;cfhjdlemwddzukjr;fcgmxktuww;38214220;16/12/2016;lyzwchoexrqxbs@mxsztldzgbackze.com;S
695;kdvdfjccvlpywixz;ajybpesnrfbcifndhyf;33621545;21/09/2018;jjzrlivapm@hqfwebckfolbr.com;S
696;pkbzrewrdpqexjj;tjnvmchdhyurk;24361513;26/10/2016;rzlfhiuspft@nqmluokryrflx.com;S
697;teziuvwxmkfifvflds;gddavnrpyqqprir;35859148;28/10/2018;cnsbgokrmad@ggbavkuqjsm.com;S
698;nifcexfdesfrag;emdjkkgnlq;&8954828;18/12/2017;zouaksjqcgagdvf@zvhnegttyhr.com;S
699;gfvjbvasczen;nvmjjcutwjwzsmc;26965201;21/08/2016;zkqfztfodkdxs@sckrzdhukwywidk.com;S
700;ulchqwihdiizqvsyeed;vhptnrupgfxgxykayxo;27267659;08/12/2016;degqwqtlnrdz@mruspjpkrturevx.com;S
701;obhlnaujor;vyhfaffbffv;35301225;02/11/2018;skodexruyzptlq@qfqnxbbfwtyypa.com;S
702;pflkrwmdmdlgxav;onhpzkhatxop;28266097;10/01/2019;hqyhaxynnz@mnbqaaighftpgm.com;S
703;odvgizrsdaouo;wfwztlplywuvtklndkc;21326047;16/08/2018;ijfihwwcnwekzfwtpzz@lrzgqczsvllietpx.com;S
704;ablbhfzgmbp;zotadxkifyqvexwgw;35674260;31/12/2016;rynfxrrtehtvlktnm@scyoesjbubmacun.com;S
705;einckxuhwelxb;ougsnlpsrzotdzyu;30940474;15/11/2017;vsgqelbztsiitnfgrg@jojyhpnkfgqhjbffwl.com;S
706;zcelqefdpltao;avmcxsmvmoibphpch;36563584;29/08/2017;ykjompcnpoik@ufrwqugblqdi.com;S
707;aowtizxhoklkkjgof;ecgntsglufrawdujkvk;27644048;14/08/2017;gvyspxcyzvubjuqvvsv@pqjszziyjdbjvkza.com;S
708;zorofuyjcotmcijls;dfhxqijqlyc;35424765;13/11/2016;ubgygraqwoojdgc@jvapbjgtyyguad.com;S
709;agcsdxdvcybnfuxxbr;ziwbukehzdetjnq;36634080;19/01/2017;hmpufirdlxvejubc@byjfrkqoojmeolmtcd.com;S
710;rzrqbkdezv;aeyjdtxuajl;&8861681;25/01/2019;jvpkbpauxfa@wjqhziopufn.com;S
711;abnxismtjikmqbagkp;ilvgnrabacwkagruoko;&&20&&54;15/12/2018;gjyvemlcuebiygpun@ivactvgydlhugc.com;S
712;nmofncblxrbhcrwcmah;urdobqkhnlgathleo;27777145;26/10/2017;oneqclegjjwrryxvkm@rzhkyctwxszrapgvx.com;S
713;vnbawndjjoygd;zumkgbbynusz;29331815;03/09/2016;ormlthacsxmwqoafeeg@cckgbgtaqjxlywll.com;S
714;nvuhfpapfbbrnavfubf;qugxeqrzmpvv;37065924;10/12/2017;kvkdejbztxa@invcuucenkex.com;S
715;eprxscpjejalxorgh;gtupxsfplz;2498407&;24/01/2017;eosqkyyryvofwcts@gpbnrstmdrezojse.com;S
716;eeblynhgxrjb;vtqzkvghzxsdbualy;38982429;28/01/2019;wirwqdchfha@yzjspunaqjldzdetk.com;S
717;yjivyboijyz;behxihnjym;22791773;22/03/2017;zfiwoxvgjpuh@ewpazzdkfreau.com;S
718;bqomgolcsvmtbxlen;xirerzzzqlbpvedo;22957343;05/08/2016;gdlsikfdptogwun@drdluicrhexdut.com;S
719;fxnallvgqyoi;karsbddgvyvguxyrl;27055684;02/07/2017;kpzzcfuxaicrz@nbftskycezwerl.com;S
720;rnanyakgzrmfx;wiljwirkozdoxjbergs;34268558;16/04/2017;vawxcbfuzzufaijz@tzjlfeukznamdfecv.com;S
721;jwqenkaepcwo;kgypnwgttjdjfjglkm;21685130;08/03/2019;ghakffnisqvociwtxgu@qolsctpmzkii.com;S
722;qkpyzdbrcyorvoity;hqrwcvjlojliii;25470617;02/11/2016;gpygxgcwopyvfg@jzskqogjtdiwutg.com;S
723;wdohyqglbcmvt;tziuzrvqclxpo;34920455;14/07/2016;fstuwahlefnybfnv@ppztvwjcduuqcj.com;S
724;cnmmdwktrjopu;ybxfqpdosaych;&1860227;07/0&/2018;dghopbmwdg@jbkgoxxers.com;S
725;gtqchoibuhlqdvj;qtahrxihck;37261137;09/12/2016;edeaaxhixmjs@blwlmrlbmhmjyxusrm.com;S
726;mokbvobvel;hpsziqxqfgh;33619808;15/11/2018;pxodydmzoswrujsb@yqlpsuactvy.com;S
727;pevbcvkfemnbmoj;whcoithfhdsbiqm;31295637;17/03/2019;bavelgzlxiiznlenac@ptjyfocydgqieyhctuu.com;S
728;jxoxrynyndn;hescisrxeadwqxgmdhr;20834655;12/02/2018;dozzbppngyv@fipfampznhdzgmrxi.com;S
729;fipzyrabvrnxa;nmqzbqjybheglhfod;31489823;06/08/2018;nlfpfxzdhc@gzavoaudimp.com;S
730;ivatopqaaapopqycjwq;fchhpvpzygbaqi;2659841&;0&/04/2018;ryyokqbrtirg@qbxjvliqnwaunewvxhp.com;S
731;oxydjfatfqkyrtakcj;ennscxukybe;&&6588&6;26/07/2017;gyhzdfmpwlc@mhoyfxxalzdryksaqw.com;S
732;kkuhmbbwupppdzrfh;cwexwluaggtq;&545751&;1&/10/2018;fldbblqxtaqttsal@ulgocbgczwpsjwxnpu.com;S
733;zpxyhsblmztlcjdod;hkvbqqsjnsxrul;21024683;25/03/2017;rnnwsjddrcb@vneyhgaaldiddcdqqx.com;S
734;dsomjegippozhrstc;jlktcrhounsmumttse;33999792;09/11/2018;lkrvonfykctyei@rjvbhseyxw.com;S
735;fdojokzsto;ccrzrlxkmeyw;39552630;31/08/2016;wafckpoksimchps@diamvkkxteiql.com;S
736;ezfeclohiicxwmte;whtsmraupjmicx;25964002;16/07/2017;desqmktjes@hiehkufjohorzfltxa.com;S
737;rezezpddvlkmrgxhvb;uqrgbugjsifgv;36846944;16/12/2016;agajdpdpoffefaotcgp@sxiznaokpfc.com;S
738;uxqizpxrknngx;pttbicmhnldox;27442462;09/08/2018;bwwoesvtralghhkeml@imkrmgvfkvebykculgt.com;S
739;todjtbyjhsvhyuimahi;vnwlojnuyqsip;34000339;30/03/2018;ofkamdhkcbwhybtq@dgxngwxmhhpb.com;S
740;szmkcytmos;ajvwesaldqistxpnc;25902842;09/10/2016;bduolvzrepqwlikpiz@fgyvtkmfyigzcfjyl.com;S
741;rmtpzeyetxikwzqg;ddzkeujgxvznns;24978971;14/02/2018;vhcltodeqnjqycd@cqnotjcxhxbvyfpfsq.com;S
742;xkmjrizpse;vsobtiwjxmi;24362805;11/09/2018;llcjvbznwbgbuqut@fairgklesibph.com;S
743;yiebeciybxvachf;bjdnlaklpeqgtqwl;22022&5&;16/02/2018;udsevzwwdivgowcjzk@jxertlobsyxql.com;S
744;zgoqfotbpe;gmkauhulniymmjka;258729&5;24/07/2017;hcpwpwjwxjn@pndqelvtnbrkgqebrv.com;S
745;junecgxvviftptbhj;ppegkfjqpprwgyjy;31546337;16/12/2016;enzimxzshkzdnpucm@oiyghugweuuprolqd.com;S
746;gujxydhkth;wvmwomokumfzdm;38929948;02/08/2018;rfkhphaawpkjjqzgrhn@vlwbockxjcbd.com;S
747;sieblzxvldgvbkr;fudccmtcmbz;33954700;18/10/2016;solwyrbfayqoku@wagvtftolnpuhpxf.com;S
748;omrsiahimlns;ykejyzfbgvobee;33426065;28/09/2016;zqcpgspeytrg@uanqxnzfsebsabhyl.com;S
749;cdoytrlbvjstoki;fvnqsfflwaytqatfyyj;&9651590;&1/05/2017;djkojeiggagtenwhcn@uhpvdjnsqss.com;S
750;phsopxkkcwueofjl;psnixbjnzdbiamoha;20546891;22/11/2018;ikeqmmpbdtvnixbzfbd@fkqpwntnutkakyjjcv.com;S
751;lpjouejjqtmlb;tjefaehlswo;31814918;23/11/2016;zufafrqnmtt@noorsflmbqxyrnb.com;S
752;bxyooedrmyydcwgdhkh;rnpagwlbvqfl;38691687;18/05/2017;mviokyojaezadbcyrl@habgajpudbwmujwd.com;S
753;emilqehwrvw;wkdkgnhzkthmiw;22791&61;20/12/2017;zorifaaikeh@qupdyavfqo.com;S
754;bhlforcxgwhqgd;xxutmhnfkwwijemaqdm;26073548;21/08/2018;fflerjldzeutxwce@xasqhdbseaiutmpofm.com;S
755;bgjpeefqohq;kkhawrtelcykwggjobn;31568745;06/11/2016;rsywasnimx@nwcslmiqxevoawat.com;S
756;eebiqwyppicqn;uzdgrxlkslnmknyjpid;33306505;04/02/2017;xhpezlxlyw@shrrefcddzstebn.com;S
757;sgmllcxxyy;ugokcmsbcqdvz;25156743;26/08/2017;xnnejhvpjbq@rqaqekippguelfmkr.com;S
758;sqsilicgqzqguy;cviddympiskwdgnn;23914383;26/03/2019;keimvulykip@spdswkhotwipfuyszpr.com;S
759;lfmfvivqdxeaqpffbc;tkzebvebslfd;23206348;28/07/2018;oojrifizzvxprhovax@feyehgyiwzzkjqvco.com;S
760;vdhlqqbmowninmfkyk;qohrvcgmekqm;270&2195;1&/12/2016;zbebodtzmtsnl@jyhfkfrrsvrxeokllu.com;S
761;swngbrfmtbtu;nonmtsvxksww;20302458;01/10/2018;bymkdrhijywadobavgq@iojsarschlri.com;S
762;dqhwdnuhmyjezwilf;aklpvicqbond;27684140;29/05/2017;zysictiwmtkbf@qwlctdwmvgmez.com;S
763;ufnaqvmesm;uhagbmmghe;30900858;01/02/2019;dkzserkcnmdoihrfskh@bqczvmhfalljbpmj.com;S
764;yfoirkekjuhkcwv;onnfugfrshyueycpgf;26102473;16/02/2017;kzxngfwzfmuwv@djddhhlajnnvmxw.com;S
765;dwlvjbpscgdv;awfccspecujlbqcze;30532163;08/10/2016;fnwydwajgtu@xdhperjnnn.com;S
766;urjheixvevmthwgfckd;xveeuxhwtmosjouv;&&56&995;28/06/2017;xnxnzkfssiipr@rodugmjrzgwfdold.com;S
767;ssshgusrlk;vqamdjoylxo;21242229;10/10/2016;qgrhcuihhylpolrzyt@mbrjcxirnztlpbb.com;S
768;pjcxkvysucfhjmx;laehqybgpxxacxx;24748366;17/11/2016;axkjyxtibtaalnvqjtb@kfuldazinvauaok.com;S
769;hwuenvfvliytavue;sqdekbqgpxdocou;33527474;10/12/2016;vnkfcpdcyaruglko@cqhbanjybca.com;S
770;fppyxkbvptamp;yqntstpnwrzwxdt;24449553;22/11/2018;jnvpdudypselnetqt@wqcrfvorbjctvb.com;S
771;qymwcesxiytiwvg;isjbfqueujrc;&5&60667;12/12/2016;rukvxdlgfuce@ulhzihebbwua.com;S
772;zhckypaysxih;uthafeelmsdlpysuzl;29142495;&1/10/2016;xiiwlwcnlak@jpzxlrfaeyfdcytsd.com;S
773;muooclxdyxgkrw;avewhbzuaygotok;&8166288;01/06/2018;ozexnydcnvjc@brimbndlphdqjfykxtr.com;S
774;hwmhifeozvztlrebuao;lgpoiwridznupuwqhmo;22&5864&;04/01/2019;qqftdwpqkgqdkx@iyudgxsdoqsehroccs.com;S
775;ipfapjoeyttj;dshexbnnxjfd;2&29400&;06/12/2016;yltlecbhvthpqdyuhxc@ubsnzljwwhygytkppu.com;S
776;egnlgiovfoqvx;prwzyjqcgmopgrsiib;26528925;06/06/2018;jguerdeptdlwgj@csvgzzclqifuyn.com;S
777;jljcrocofypetdthuo;plnsqkmafzjpylfe;20751838;11/08/2016;rajiyojghow@unauzaxglwoyqp.com;S
778;maqqufccxrbabmvkquw;rknlnkeeegevqxtwwoe;31850961;31/12/2018;durkeiyrouuvolt@qatfbrzqsaiyo.com;S
779;zxaewtxvwrs;wevoblxlrh;&1105890;09/02/2017;xzqbmvlvrj@epthhgpecswzlzyvrow.com;S
780;dmdnuqpxzefbcc;atdnxcrdpxhpak;37012351;12/03/2018;zmpdwuwfbrdzw@loleaixpbsz.com;S
781;ohagovkoum;qsxdjtqvmo;&2216964;04/05/2018;rpnojoibkypxcjhs@qbixybznyshxosznn.com;S
782;yrgppshggtygirmk;hixvagwavkex;&1275104;21/01/2017;inmgnwesjlqtstf@dhtvaavuzdbfjhhv.com;S
783;chbqngovhzar;ozxnknlsxr;&1479101;18/05/2018;tdncdcwxbjfqsyn@tujjcyhpprzvugt.com;S
784;wccfqqxyrcrx;gvowxxftwyszxps;25741024;21/02/2019;deemexuwhxio@xrwwlutvldqwibb.com;S
785;kdiafocypeuomei;ipngquzfwmhjb;2699&570;01/01/2017;btjxbnpgrvtvbwna@ucxvrsupdnz.com;S
786;txgivkleflgg;xmqjukeifva;&9140902;07/09/2018;lwapkdsacnecr@fhsanvkywih.com;S
787;zifmiixvob;vdiilbajuko;27203464;22/05/2017;hlwzdtyimxblskcyhov@retbfsjivaxqvmeeh.com;S
788;eeleglutfyrdwpw;xjodhnpzyyp;22775967;29/09/2016;hclccdobahp@mdnwzzsxfneaxb.com;S
789;jznwdmvrnyekkzb;eiipvbqltiadgj;32044793;28/09/2016;dupbadwhpelisewnx@dbfxsvqzsbil.com;S
790;ehsrdgbggfrotavfukt;qryivlihvfdene;28235177;25/01/2017;bpdlukikhjdlhzd@wdyzxjfjoip.com;S
791;mbqijwlwwevcymr;akmbvvifxgveoylpp;25177160;01/02/2018;lkedixuzevp@qsmwtpldxn.com;S
792;fovuvgaakoy;tahmtdqbyxh;23922864;29/11/2016;ogpracedoa@lhiweoazugtjuy.com;S
793;adfsulzvvsl;fomucxwocyj;32846343;21/06/2018;saehzrmtnrhfvcvialf@vpnkhlgxxqhpfbvns.com;S
794;rxnuwoboepzpp;hdgitimgzd;24929914;09/03/2019;sopwaudgmdlfgsoui@mhtgxapvyrpe.com;S
795;pvxkgqshuoszcghpp;oozzhxrben;34466598;09/12/2016;cuobbcpkmkju@sdsyeszldhxlqjxlni.com;S
796;bowxocidjouvzo;wpbhnakmzuasbnbne;22400591;21/05/2018;nynaxbftefzwtmn@pjqwtqwhtwhdlwhg.com;S
797;aklgiangcfhz;gucbuwmvalvlkpgiz;&955&212;25/09/2016;hustjnrptaauhzxzit@jtnlphzjuhql.com;S
798;qxtpoiejlnlsnexbot;ywfmwwoqelrnpmplwpt;35410165;11/08/2018;kbsayybreunhifefj@uvbilkgagoibbs.com;S
799;mvzgeylhfkgtcoxxx;dtzojblmxyj;21218&85;12/04/2018;qnlnqqoopinkrgqce@bsburzgboetchxccq.com;S
800;kjtxdjsixaelx;tzvenszgtf;38545069;28/11/2016;vcukrezraznii@kseuudncrxo.com;S
801;gkyipimkzvygajnxd;nwxoxcgjvlgexe;37744134;01/08/2016;djrwcyftteomb@wyegdmiolzsfw.com;S
802;qvybgpxquuu;rfmcsbvgneemgudmobe;2&81705&;02/01/2018;ifwmnmuyqayrmxipuek@krmdrvklllzct.com;S
803;ebzfkqabgkspdtfu;wsyxfzkynszadnhawy;39079716;25/02/2018;reeorupepnqsff@ybxuaoxqofg.com;S
804;mqjmkvnhxmog;uckraqqlvvnzu;21845024;18/04/2018;dapbmyyxposbag@isvcycqvqgecxtcv.com;S
805;uuwqskqwtbz;dsozjndiwc;21050987;29/01/2019;hmiqfsnonhrzhnying@ssyarixnngodcv.com;S
806;suverrkrifhjneggecm;tubvqclewrctpguaax;23795064;23/08/2018;vqdfwdaemibvuki@woymzbpejxyxqiot.com;S
807;itcihxoxegu;nymybizhqsb;29114909;20/07/2017;zyyfpohncsyft@npcrneeghcsudo.com;S
808;jgrbvhfevq;cqlacqxqmccocnsj;214&0208;09/06/2017;iyznichgekntyvu@ricydqmnjorj.com;S
809;ibpqswzngipyyl;elybltrbtdricxxcty;39303933;24/02/2019;fyeyhrtrtqvwwomowg@bjztdxprgnq.com;S
810;knopyqwphzjskkmdiu;cruesaaqlikbpmzq;&6194210;21/01/2019;wezyayfngzudcxza@gynrajfvrouoeprxt.com;S
811;fulykocfehg;jytwtxsweq;27196449;18/07/2017;pwnqipqydrzdsb@etpsooccthzapzq.com;S
812;cizkarztdmkg;hdzxnvnwwsbmel;&09215&8;02/01/2017;ukbqzkmtlkgngwuttaq@qdriancnkdysk.com;S
813;ikjhuvorhpl;fbuigevizfc;32711142;08/10/2017;iqmfxptxhecdzheyxae@azdypgkcti.com;S
814;vucmiicssblmaffe;hbxqgkkwvzyraok;35524832;04/09/2016;zxqlsfrfftbvusvq@yzoebataokncfibs.com;S
815;npzubpnediw;bkvtmxwmemsd;2&64&298;17/11/2018;wlfmqczdaeyczmdfo@awpguolwsjmvwj.com;S
816;uzvtmyigsbjbpez;wgmjrelyurd;20446254;18/05/2017;xlrodquaoyx@qjtzxchowewpkkskein.com;S
817;muzjmbbbjx;fzttjkqpxqkid;23819689;01/06/2017;nrejdunsuf@dlbxeofgbb.com;S
818;mupkjofrwmuycfbxvb;upxbyqzxojmzulelm;38189530;10/10/2017;zwrkxadhcayg@mxkwfiekixczgpt.com;S
819;oscpxvusvkntnwfpij;tbxwyotjavuvxpo;31466692;19/11/2018;iudpsycgoh@vfohfmrkofqkpz.com;S
820;xezdbkosjmhi;akcvchfgpvjgyzlbu;22920430;27/01/2018;wxteffrjbjxgkgpah@eytgbctcbr.com;S
821;jahrqikusrfaehp;nsiuavdbmez;&8561127;12/08/2016;zcctnurfktv@xkdwqcixmqwkznpute.com;S
822;hakyjtpufahgrjlqu;lljxvnatarregxkxd;25272089;11/04/2018;tcepibpfhcytapunu@vsviijdatpozm.com;S
823;yguwloqwkkxcamb;kfkstqhgzd;&9141080;19/02/2017;uefdlkutewceliwrh@rnqyopcuxeujdtr.com;S
824;guidybzsbxcxwpevidt;akmgjoklpngjd;31317311;23/10/2017;quaoyzjufhicnm@ofsqgwzabskmi.com;S
825;wtjsbqxtgl;ztslnktxiiemqzy;24208047;26/07/2018;umjpwixridfbljjqm@vpugydmqqa.com;S
826;fwzgmbeqkgzdg;oazaogxcjijiolrmpw;21595620;2&/0&/2017;uplplsywjnmyfqj@ncpkoyezdzqyixc.com;S
827;tjtqgreijgptkngkx;vitlurqwyygakihukjp;39704331;18/07/2016;fwflsywnoaf@cnlqszhbpqoo.com;S
828;nbncwomtuzbpjyyu;mrypcjrbowsqi;39327602;03/11/2018;roksxvieqfxsi@zncbpqohscmr.com;S
829;wcmhuojyuasascewm;inwpbuwyzgclqvh;229&5102;09/09/2018;cmsaecjmepf@wkoekzzwfyirak.com;S
830;ftudzndwyoerfnjamfn;jwmugdpabw;35281324;21/04/2017;smhjuwvkukgy@yjmhffwulm.com;S
831;tahspxrhughxqtorfrk;ltexstdleo;21836108;21/11/2017;pytvprcnfo@doqyroubiihojjm.com;S
832;spmlfslywj;kdpjznufvbh;36169997;23/04/2018;aojdwjrcpcadco@nescrwvcftjkfd.com;S
833;rbtxvvvslyqarurkbf;dlcpxiurqsxeqs;36730371;13/03/2018;lppeacrshirhvolmw@lafunuhdrihz.com;S
834;vozevmrwkadok;glldhybbnltxq;36885329;10/11/2018;czlxyzodsbmdgagiawo@tjlarnlpuiysu.com;S
835;orhxncyiaxebcoi;ajehrnfyct;&2&54&15;&1/12/2018;pdjrhakvhm@qlyzakjzbcu.com;S
836;pqamwcdsljgjyznbhff;aokykupaeh;34824362;26/12/2017;tgdkqfygfviy@zzqdnnflmwxtsvzoro.com;S
837;ozlpwyyjajzvrfwhap;hsykeblfzej;32968383;09/12/2016;wzfnbpjgpetbmzb@hnfcslcvdec.com;S
838;euexhbzziuwgd;ylqbdyplpmezw;23391108;09/12/2018;adegfhudbzzznm@qupngkiknwizbhkslbs.com;S
839;qpfocjxxrkqpdiwuj;twwminpiduh;22598453;22/10/2018;vwvmmclrfdyspip@tpdsiwbdkp.com;S
840;wvswtrpnoiqf;vbteoosrkp;35761312;28/02/2019;pnyfsxesoy@pymwcihyisxdkayjf.com;S
841;rhejvgkuixojjsmxa;jaotbagvinnelee;20715110;13/05/2018;qcctxgtnyzcx@vimsobsgag.com;S
842;agxsnklyfqy;gpxilgdzyfcy;32296054;06/10/2018;vpelozdtmighzjgzxzo@ohecpmafirnrxctvuf.com;S
843;mufsopakshslvyortp;sjcknhyggefxkrfjg;39667780;03/03/2017;kzwqxpmohus@pnxwtaljkkalbmer.com;S
844;gjrsozdtet;qvabxlfxyxicybh;20737784;17/05/2017;ijaqzmhitrjvjhwixt@zxgkjlyjapneb.com;S
845;sacmdebhmc;tlppaobmniqnhzakfda;21298098;15/03/2018;nxbisfquodtfsex@jexqbrmchvt.com;S
846;dawwrhjgfyrej;aeazlgvlambovyp;31206143;24/09/2018;gsuuyqedpxfogpdrawm@nlepcwwvqwtwpxqn.com;S
847;mbdcrjynhehoflqlt;ptqvdmioxpjpoaeitv;33504787;05/10/2017;jilhqickkxds@plqkajhfvkaldtxhb.com;S
848;nsygrrxoyshbjorw;ukcbxchgagcsne;&7769162;05/05/2017;djohdcppcttteo@thrqqqnohxzqafyz.com;S
849;uoddhzmeekof;iyczyninidaikh;&8&85022;09/11/2016;svjxlorcplluncbhkha@wukfpwnnnvatohmnd.com;S
850;cipihbbkgaqsjh;bngavjizfprl;23043486;30/09/2018;duyqqshltiqsb@wlgzacmhpvl.com;S
851;mxadfhogsvb;qyivefnbrhcehbhnqc;32920866;11/06/2017;kpcdcjxhgagybcdoypl@yhxozgpevplk.com;S
852;yijuhhudgw;rkvhtwjfihf;22289891;08/12/2018;bdknadkpvpspkwhkbli@yctbrlgiseqkyprob.com;S
853;zczdklszqus;fqmapfxlox;31052457;18/10/2017;hduxlyfsrvvzogx@qfrnoldcgghxjqk.com;S
854;yebejlzwjfuxg;falisogkrihv;34569885;08/01/2018;ybrshhttiqyoqyep@yepmzjdusgaapoje.com;S
855;mvpakcwdfchn;xynxitjorxxd;35569945;14/04/2018;gvunsdlyijvcraqmjcp@hyfollfiywh.com;S
856;hhasrcbjtlmcdhjlnx;czfjayghnagxivan;&108&45&;11/11/2016;ldnmyelniiumae@bwupislurndqbqz.com;S
857;uynerhbebcawupsj;wkxqbradxom;2417&122;02/12/2018;aoybhvqzcfajpipuyb@ugvuhwgntde.com;S
858;gofdnxchfircbtgbwrf;jpqpuikclxatwpgqqn;37247773;23/08/2016;apihuraskvdnbw@ngknudtrbmoik.com;S
859;mlsvqajzvhwlfy;aybxrfugteplgi;21539497;26/04/2018;nounoxxouk@piwafrolifln.com;S
860;wmtzwnctbxpxxu;molyoiqmivcnwgxpwfp;32254146;12/12/2018;yfzbtruplufttbitonj@twbqtjasinn.com;S
861;rkjthvduseg;ziuhkoumtoykgmac;32488208;15/05/2017;upcozeazbenrxdkcyt@khbghkxevpcanby.com;S
862;ehaofmyqtphrjyl;xrpxfxrbuxswzaoj;38477936;22/01/2019;ymrehlziyhp@vcmnxyvgvvjaupmur.com;S
863;ftrhewlrwbilkzxb;lrralagvnukun;29792635;21/08/2016;dmhxlwtvuo@epldfmgleyl.com;S
864;eosourrphwhku;ohkwsmsiosp;&2451108;0&/06/2018;zfgklfgtcyw@crxmjqpdgwibgdeeu.com;S
865;avgwixmaty;mctyjbqbltv;22786514;23/03/2017;jdmplwcebbwt@ouwbbsjvuytewuzv.com;S
866;snfvlhxwheoeirldgsr;znbwuglueiuqdhqmzs;32213726;09/09/2018;yvhopaphxi@lldsldcagefxqq.com;S
867;ckfekxtulbb;opwznwdnzu;25784642;21/09/2016;qjktppwpgu@izqzstbnausqtpdkfsm.com;S
868;mexgvhbtdivds;zbhcleerxu;36965865;15/01/2018;etsqwcwkhytjvf@haiwrfpjppkzyqp.com;S
869;kuigktwbrujll;lzkcxotatioxjt;39914138;06/12/2016;dzgoillcggzsnuu@wnwebjomelicl.com;S
870;qjdsioiqnyjejuqzw;peclmqmifawihigp;31990472;27/08/2017;laduospwhpmcnfxhyn@qqvtmyowwsz.com;S
871;tiopltutyxmwfo;dfocepghkwkxppgei;30762687;14/05/2017;ttnrspygsomyontucjo@vlpskkhvxhiv.com;S
872;acnklqftyltkv;iqpxoxfmtgjbmv;22641864;10/12/2017;yuzuamalptnox@stzahbykilj.com;S
873;ofkqtqrmumduswk;xzlbntenzusmirk;&08551&8;&0/01/2017;tnfwnqdhjxrwdnp@dhuyxzelugedqhyeoj.com;S
874;irampuvwpesw;ybvvqdidkghixqq;38360392;29/06/2018;cofxxikcjtrxlscr@vaylezfctsgiyna.com;S
875;gvliongfkwvy;pjqkgjqyrtciq;23266235;18/02/2018;ixuwqjtjykgycmz@vrmuzhtcagwvqqa.com;S
876;vxqizitjtqcyqez;gbyulzqzegorxjjeii;&5&57274;12/07/2018;hqtdjpyhucstjqlfc@nbylzrtbaxl.com;S
877;ljvojczjvthocmtsdk;ouymgtefkegnpclf;36021926;14/10/2017;pnixebzlhu@cefjudiklkaft.com;S
878;rwhcrugpfvqlnlduqm;quyrgwgbxbfdvhvijt;23339995;02/05/2017;moqdouyqbmnnanjxqn@tcamwizwjhgwnbiwe.com;S
879;wlyxtqpbpmallqh;jdspejfhvcgdsfowqgb;27788325;25/09/2017;nhdulzleicd@dpljmzclffsuclxpji.com;S
880;dqtxuukoplnwpe;prpaclmbpx;&&655660;18/0&/2018;intdjlijqdwtw@csvbdberaeirycue.com;S
881;edkzqpjoytwddhokz;ytcjkwgtct;25895159;14/03/2019;rtxwdeptuqnvgocrx@mphmcdpsellvpe.com;S
882;dxhnxuyyzgul;tmruhicnmkebhvvgy;21688300;27/12/2016;zrqjuzcnrshaffcbq@fbieiwubjakafac.com;S
883;nhlvhghgronlobny;nehbfkbias;&5752006;25/10/2018;jqcgdjzprsfmkjjtqrs@rimossdtxcxa.com;S
884;lzcsmmngjsciohvga;bmgplatzonfriechww;38505104;26/12/2017;rfkzmapplooaxawxmid@lxpxeckzmgdcp.com;S
885;tvfbbbxtebn;plkmnismvxfhjrzgo;&7841110;17/07/2016;qilgdrlelqx@dpyrosjvpg.com;S
886;sbkxhknycmwnio;ltxpjgenkpoadeari;28584461;29/12/2016;hjzwfgdnczcddklum@aqdwbayotbyt.com;S
887;lrxclfdphihdk;guexxdisaprr;&8540264;14/04/2017;kinmcfjwrvan@dblgraxpunfbpgcafn.com;S
888;hvvcvcbsckdwvcc;dfkqkieiuxbjktkaa;27945668;26/03/2018;oywxgyrnmdgn@iyukxeepugmae.com;S
889;ttnbpmkrxpracvohen;enpmmpnogsafhrq;&2525884;26/01/2018;objikfgjckgswjem@jadcjiaxpocjtqrj.com;S
890;gohwtedlvlrw;pzzstmdmawrtzmgn;39268480;19/04/2018;obbqwajcaewufo@engisdgegmkerrax.com;S
891;ukgpcykvjqjllbahxwu;nplomnwookgjyp;&4900084;24/07/2016;vidizidvykftvqkwwkb@gaddjepsmvbpwyfgfy.com;S
892;uvjfcoaepeuyg;vgmjubqxplghnslwuet;37753395;12/01/2017;wpvdxbvmxjcbi@lpqfvjnqwqdfzo.com;S
893;bjfnsreeliihxshjn;skfclbrkvuhegwyn;21870&88;09/05/2018;axflcwrcvmrcdsab@gcxbawitifou.com;S
894;velnfsrdhix;pyccfqdranf;36691190;08/10/2016;kblznmqeoldsyya@omrgiyjwfg.com;S
895;adnmonfxnxvfogzw;katvpakajbynateaano;22276077;20/07/2018;ytitasxxvbxvomwtqxd@lifmdjbzmfpzuepljzz.com;S
896;uqagfipthnuhdyirmar;qoypmbtqjguvgw;24229762;13/02/2018;yxyobhiwtcczyyn@cqjhjxeifubsacdrx.com;S
897;bntnffzrpzcrosqp;iwzmimghfpuztyyrp;27422968;22/09/2017;qldmquvwjzyhaqwir@dcehfawummcr.com;S
898;baxpdyqwzkn;zthvrtovhrsavuj;39278542;05/12/2016;qsenzollxgrhsuloaqx@upshghmaquyfafi.com;S
899;mjpvomjbzldiuijvqc;rrloahdhmjgziptphx;25434404;16/03/2017;vajwecefovikfaxtul@nrsmzwxqpksbbisxxsw.com;S
900;xhaopnhcwwy;pdyvflyggsacoco;27557883;27/12/2018;jxlwfxdqpmxoaejo@apuljzssvndogqquftd.com;S
901;byapokiiekvfok;dkpfwxbyca;26976313;12/10/2018;gasqcpjaaioww@emhoerxbfwpmg.com;S
902;ueelfyowsj;orftygaxsuums;25927515;27/12/2017;kwhdwuuftfbx@bqodwhjflubdegoxk.com;S
903;nhnmftvnvi;txnjimooumxzezusj;38868857;17/10/2016;jzdqpefvuxzsuhfgio@bkfolzauszu.com;S
904;fnuwmuhlmwocyzgoiw;exzdjtcctgvhqjrivb;&105&180;&0/01/2018;qyafgyymhzfvt@cglnzqzuwcchxlglwx.com;S
905;horsjdvnyazkxgb;lqleixyfolozehqfgqx;34892263;06/03/2018;zgdhrfifdxxsvh@tawbqjbxswe.com;S
906;aqtrnwmpzonr;mryjliatvmxzte;28488196;17/09/2016;ghqsjdbdpsmeeqmup@xgozzqjjrvpetzzgwaz.com;S
907;hiwwgccufmlxlbum;izhsdgvgizwsfxhlqrs;31658887;17/06/2018;hfmzccmbxezpaoym@djkifxibnjldlxtxx.com;S
908;ohqbladmfzpxuwobbb;dwtrrrloluwmjelqhj;38797497;14/06/2018;wdxmxkpaxduofhqv@xhkfcovcrdshkbpff.com;S
909;awxlqoxfbv;upisrsvnji;27531782;16/03/2018;qesscudncehjvzclcim@drpnkpfeapu.com;S
910;pedqsxiaiobvrozm;fajpcdrtmbldbeh;&5&49718;28/02/2018;ceuyafcfrnv@jzmvaubjxfycq.com;S
911;rvhealiwntka;biosupuprgsgxyrh;216&107&;&0/06/2018;uwmyaremix@jbkefwdjqjdizrey.com;S
912;wcbfichgbicjnstjdz;ybtqxbqacqdm;36044423;14/08/2018;cpxnnfuovbop@hymewynewwue.com;S
913;hrvcyloozegaioquloz;hukolsdaujdo;26789299;27/10/2016;tnzhucmebujfwmuwmit@euuxesahlvn.com;S
914;kucfkigetmppd;asoeuxgscponk;2&&21790;18/08/2018;uzsssutrttx@jsffbtjkzlxdjw.com;S
915;wjubqfylnbf;hzlbtemsgfgl;29478859;25/02/2018;bcyrqlidflvkhb@fzmvhoycaztpab.com;S
916;tgutmwtstnzsxa;vngctdmdohebe;&5810427;17/12/2017;ydrsafhrox@loidqawszr.com;S
917;emhabxufiyavf;lugfkmxlrifdviozwvf;29956134;22/08/2017;jqznjoxolqb@xyrpnpjijfuwa.com;S
918;hhiynrcevsdbmpcsige;abbkmltaiigwieoc;35296851;27/04/2018;righzmqgojxivhm@hulpawtzetozrwih.com;S
919;onfbmsbkjghvq;vitwyutzifhonsrh;39710804;31/12/2018;uditzlcswsree@blfrvywpzgbl.com;S
920;pcoynkumiyxc;rgvccqaashemnildnkl;282&7005;08/02/2017;xidnindevpynrrxtuq@agliwrsvngmxmquhap.com;S
921;xwymakojhjn;wgnzowfppgovtjb;29694151;14/12/2017;ugfooiodthmzxtmysa@iuexnjnwhinbandriv.com;S
922;rujtovlujvyqs;qdohedswoorihe;&60&8989;11/02/2019;rhvspwuxszctw@rpqxnewgxsvuqv.com;S
923;cpimhubcfvtg;rkljrfceqzfmbp;&5&24114;27/02/2019;dauhfcaprupbdynie@tetdckqrwevsmaqhlb.com;S
924;kclshcdizhmt;yvpukheugcnxqfoyt;20678009;29/09/2016;mxnmkokbgaqdakjpraf@ayeskfayanb.com;S
925;oyjuvrzfvoeup;uoatsglcixi;35436121;12/12/2018;wyqzvcjegxmzzwxdvu@uwtgobtmmhtmlzbs.com;S
926;vlbbnfjxdbw;flqplfmvttvlrf;26686160;08/10/2018;oolwvgpaupjggiwtgi@avmqsqajpsbslpcklv.com;S
927;efykdvjftdygqamngj;lhybquyzqiyckxm;22520947;11/11/2018;apylwvjfgqz@miozvmcijk.com;S
928;mebxycadlared;diijajjliujebnaujvk;23221553;30/06/2017;pdvffybfmap@irmcujcrietxpseqivu.com;S
929;zrejrhruroda;zdqohjdnjzflvfqkpes;30719658;05/05/2018;wtkwczxvtrhmvescgi@svxzzhgbtnn.com;S
930;xcpllqppvmqhpdlxsm;xkjwgboqyudo;36526356;21/03/2018;sbipuejlktnk@ipnsoxxertsiic.com;S
931;ryvlqvozuzfmipoacm;hyiqfkqfdoaswhgim;31792100;16/07/2016;uvwryreazrbezpgs@uoajznejsib.com;S
932;qfatyxtllqihkbgsxzw;jyoevtqlcoh;&1015860;21/04/2017;wdhyridcjwxhbtfgups@rpfbseigepz.com;S
933;dvllpjibuf;dbxzqqdewscxeiwzd;&5764282;04/01/2018;xwycjliwnxwkvzauqz@ulwdqloabnb.com;S
934;qzngjloqunythxzcgmg;cnxlipvuwahkfir;20969483;07/11/2018;qvccylgnljt@hjcijkippcvcp.com;S
935;vumgwbjhwvqzwhad;eonrctclqzncvve;25990096;29/08/2016;garyawblfzvgecig@dxtpfsmafmvjwavkd.com;S
936;seddvkgqhwcksmyu;cfwgpxvuvnbvjycxq;20936713;11/06/2017;dqktipimmnfqno@cpmuvevwkzoqpdbsl.com;S
937;qloqlhtbosbamjyhn;eompwzsenkfeb;28196279;02/10/2017;cyvgsqwlwmr@miegxnihpsviphgxe.com;S
938;boadlcdabuthitqja;zsryzykdnkclqf;28498558;25/06/2018;siuidtotha@qcxrybwwpuios.com;S
939;qdkuziuwmcu;taohpiihwpydlshdmn;38613575;05/06/2017;vdbsdjjqpgepavnprx@awooxtsnurgzopz.com;S
940;datwomqqtdlnysy;iwtaonhllahkqazjr;39768359;23/04/2018;ngfnmkpifbiehmlafn@kdffywnstwvnte.com;S
941;dpxngwamvfomqc;ivqzaszxmqnh;39515372;26/05/2018;zvnyolthosjayw@kbrvinshltfoaoafw.com;S
942;pmvhdrktwmo;ywmmvnngiqxbiysobw;28221208;27/0&/2018;kyzztjusvuriuqzjara@hpkkwvjtuu.com;S
943;mihkzakdkdqlk;pwxcxbytfasq;&1994199;14/09/2016;zcrgaeyngkkghct@hoxcjiynjofi.com;S
944;ladvvxnuugluzxdgbj;uvedkyeyfapau;&85611&8;2&/08/2016;ettahqkewniqozulekv@skafrvetljhptganqlj.com;S
945;wyzfbacmgh;rxltniowbzgotsmd;&2107455;28/11/2018;rjthwqxaqzxkxpv@dasrfktiehhhkttnpb.com;S
946;qripzamokf;oxavoyfueypfdxscjy;36900463;05/04/2018;tmzwfvuvuqu@lhcysiqwgtczyt.com;S
947;tgohyfjhpkbtljvzx;vsivaskvfuvxmqqwpsm;24396880;11/02/2019;uuzxqxafqplyzx@hnynhbzboyb.com;S
948;lxclzxtowcucexy;tvoambzrgzsvmjljkru;23548899;22/01/2017;gljegthdxkwn@duopqjmocgp.com;S
949;ezxusydstmh;jwfwkxolplhb;38337392;09/02/2017;qwfwatfwunucx@ktxqdzealwpow.com;S
950;ygzojdjigzkotbdow;hucaauyycb;38490047;23/11/2017;umlmontoqsvenfuobhs@dnyofafkzoaomee.com;S
951;dowltdyxwsxjuzi;marzexcvjpvfi;31186825;24/02/2019;zoqlafdtnorncfelfd@ovscjxcmcxrg.com;S
952;xxxqlrcrqcst;oflvsaotgepmh;&6182585;08/12/2017;vubtoxuemwbvligw@sftaxspzpjdoevzjud.com;S
953;xwbfmpwuwh;dvhlpmfdxkk;36390933;15/09/2016;dgiijwwsygnaunktx@szfbrcyjhkqhnhiu.com;S
954;vsotmrupbprijy;rdgtawmhgtwl;20410772;29/12/2018;iaxxkihxjou@lltycqveoeuln.com;S
955;onmklsjxtgyrtvffu;litpxtbaafiqj;30938949;05/08/2016;qrkzjpneqbxdpy@kszfbmjuvvadvdynpxq.com;S
956;wdgvkevpmvzbzoydz;buacyxpoiqxl;&6400224;17/10/2018;ifelarlbckz@lkfzfarkszmlawkyo.com;S
957;glbuwjpvwgdmopajw;oifcljhhhjpt;20367234;04/02/2019;aduzljpcamobmfpd@urxhadsjlp.com;S
958;cmqvvsupmw;fkcxhrtfwqoxqunncp;29908330;13/03/2019;amzultcnxezy@apmbpjfunjhckyno.com;S
959;mroerrwljucvwxmrgml;violmamigfp;&7644&40;20/0&/2017;pyaolpjtxedcoq@edlenuxpylrdateruh.com;S
960;aqfidsdhjdae;mssfdiytuhmmy;28991749;08/09/2018;lkpsneqvsfsqzxn@aoutkjhgelewyjhguxt.com;S
961;xemcagngnkqzwerbi;lmdlktmrcvw;34407015;24/01/2017;ppttolsgwxillyhwe@ovcvhvlbbkao.com;S
962;kzvmulzvjq;msmxwxnaxanyrjvszh;38040756;01/01/2018;sxckggzxbav@jyrmtewiefwhbqv.com;S
963;gkgvgqqrzbpaafrt;vywtpedwjltereuaat;30524641;01/01/2019;cyfzfkpjazbkbs@poewfmzeeelqtslfrp.com;S
964;btkbcaskxcjo;xcfgeezxrxlxvtxupf;&005&062;0&/02/2017;czeyynhphionk@kbeguexpnsh.com;S
965;phjffyklwpahcukc;hxeuorofao;2542&57&;20/07/2018;stevpygdolxsbnciznq@bpeosknnfbo.com;S
966;tivdeynixtewrrlj;bthjdfcyhtdslld;34577652;03/06/2017;wcrrwtlibsgsw@gjqiahwwyjbuqh.com;S
967;gnzqmknkvrwc;ziccsnuejlrrevvl;25969090;25/10/2018;epfxweuxuxhczbhm@bewawegjlnabancd.com;S
968;tcatmptmqaznfmnnlwn;cudyckppcngvezs;22324470;09/01/2019;papwkjegmpxqvoi@xdpndoxnumu.com;S
969;gakcnbniyucobxbdkj;souyhisingliui;2&144680;17/06/2017;cvjakbrbvnjvyfqueo@csdcwxpzrcbtsbu.com;S
970;pgbivrnbctyozyvm;zaxmofatqgp;21&68272;06/11/2016;unbriiovfccvg@xkmqzhflsviagkdj.com;S
971;obwxrvvuolzmlacoa;wnssaooedslafk;20414507;18/01/2018;oubfpajwrptqkpgln@mlquulykmwqcq.com;S
972;jjuzszxuaayqiddvux;ixhuxhcoykh;39493125;29/04/2017;pymefajusk@lxnppiupfb.com;S
973;jxybkovynofx;cwkfvgpjefupsskuxi;2&&04416;01/0&/2018;znrpmoukkub@trsgpfyylvxcwmtltkn.com;S
974;dnwtqvmcexwia;qlsmwizejargzsaa;&9662988;2&/0&/2017;bdnnnuccjoeptgl@vgpfefetwlnjnf.com;S
975;ytlirhawrfchow;grdgujxaunzfrjnnxl;36926531;11/03/2019;jxoggntbrtixgpjyefl@grujjmmvxfphfwskss.com;S
976;zjijsqoapirusjxke;gcvyjrvnfxcrd;38605823;16/08/2018;vnhocfmtotfvky@cgfgpwiqhomnqceiapd.com;S
977;ljrbvgmmnkzt;phupuinrhu;36049516;08/12/2017;qgpidvnbpfqjjzmutdn@nxnyrnvkrxgntcvon.com;S
978;rlxqtonboihifdassf;fwscdxteisrotocuj;36952732;14/05/2018;zstsdvjnyntcs@pabuthzvyvdfhf.com;S
979;jkspnfzpxraponwob;zzbtayimfcraelayek;28&01657;12/08/2016;ftuhqsivtralahs@acxfdtxkibm.com;S
980;simaxlrkskgvoyg;iffciqaqspkmhoun;39491847;27/01/2019;sqdmqhqhon@vaxnedlthddczkxqg.com;S
981;psyoeinuegsfxgeib;eigbyathcftz;21090897;25/10/2017;oyliidfbxynznbpuw@xqoqxgteaihcrnug.com;S
982;kmerzlbebsyryawxiu;pnlhljqtygwlytf;22261176;04/10/2016;ddpgneftgggedwjr@slncqnuzolsmymbop.com;S
983;kuycjwpgitcriwab;ixepmoyysn;23654381;25/11/2018;sqwgydwteulibsihdkl@xhuwhwqrpinine.com;S
984;vsgebxlpdflpnetecfh;qxrzquawwafkrqpbn;&&682069;18/08/2016;ikfvvrqysjf@jrvsjqtrvvbir.com;S
985;kztjpchjykwkrtmjb;emfoqmtixhriqcykzf;38296060;29/06/2017;oaymjxaczzmhnram@ulkrshytngexfgb.com;S
986;vjgenhbypr;mjzojeohqgv;25352514;06/05/2017;semkivuozpr@czdxchplqwfatwgsxm.com;S
987;jgczmjwzbvad;iuycznpzhprknbvld;20498170;17/10/2018;xuswimoyaulamhnobif@hphqczcsozhpmty.com;S
988;ozukkhctrdvnlabrir;bbpzvkbaetgehapp;2817941&;20/05/2017;yzoevkpnjj@hsrqjnwkvwudpkcvz.com;S
989;fxudkubdvcmqryycjum;wyqhphhcrqhxwtldyos;35942729;26/03/2018;izfibunnrzh@kzulpplshorfs.com;S
990;lwojmgfinkcih;ykbxvhxvis;218016&7;19/01/2018;wbjvkicvcut@kghtnvchmwrim.com;S
991;hzjdohvxnjhm;czxgomqubqfdscval;31183451;01/07/2016;dransdbjujgtoix@vcrixfktpgp.com;S
992;mbtvjivxezfzloqpb;lpxggexabokxj;25122275;05/07/2016;bftqdpisrhnwl@xpfhcvmzeksyaqj.com;S
993;ipwcepmfdiwpe;mayrqpogrshptvu;25153511;09/08/2018;vxalnnzeydfb@kdsgngyzrkkyxgluz.com;S
994;xpoiuygjpcq;thuhemjjvofiuen;31675325;21/08/2016;eelqzluehitz@ojlyjxedusw.com;S
995;urnajonoakoqrlo;hcmccheylggmrkllx;24194726;15/05/2018;kuxsgptzakbvpqjwva@iktonabvpxro.com;S
996;jzfziupbytqzskwwxeq;rwjmrppwyhswufsw;29160263;25/12/2018;ylxibpnscpmcsqr@blxpzrgmxtb.com;S
997;xupdmomqwj;vyqywooaivmz;25&28682;02/09/2016;pzsobcesszq@kgvegefudytk.com;S
998;ucamlaxivvzlnp;exnbvrwffjmjjidzg;&46&096&;09/11/2018;kincwmacyymjen@sfyvxhwhtvnhlfu.com;S
999;ypouggklzuk;waiycyurqptqi;26429720;16/09/2017;dkapvpksstrqjagvpw@vugkhvxnczcdea.com;S
1000;lybohfiymzfyrkodaw;fubjmgjkbcoqvkmfts;37054549;03/10/2018;zunwtvxmlaurjqhc@rrvdkmwsfgmgp.com;S
